dataset,architecture,variant,train_fraction,noise_level,seed,n_train_cases,n_train_examples,n_train_corrupted,n_constraints,dfa_states,dfa_transitions,best_epoch,stopped_early,train_runtime_s,precedence_violation_rate,loss,accuracy,macro_f1,macro_precision,macro_recall,top_k_accuracy,violation_rate,forbidden_mass
BPIC_2013_incidents,gru,baseline,1.0,0.0,42,5287,45689,0,1,6,16,5,True,32.37,0.0,0.6257563745430285,0.7181705809641533,0.5745551536799015,0.6782733044321879,0.5453273937596487,1.0,0.0,0.0001027027871088
BPIC_2013_incidents,gru,baseline_mask,1.0,0.0,42,5287,45689,0,1,6,16,5,True,32.37,0.0,0.6257563745430285,0.7181705809641533,0.5745551536799015,0.6782733044321879,0.5453273937596487,1.0,0.0,0.0
BPIC_2013_incidents,gru,checker,1.0,0.0,42,5287,45689,0,1,6,16,20,True,80.28,0.0,0.6214840185214916,0.7203337453646477,0.5444555717916444,0.6210606928173299,0.5513964872500254,1.0,0.0,1.2008081070149325e-05
BPIC_2013_incidents,gru,embedder,1.0,0.0,42,5287,45689,0,1,6,16,20,True,796.96,0.0,0.6209573282053994,0.7215698393077874,0.596847444306476,0.6887607172255535,0.5672118520780597,1.0,0.0,2.5332166571855292e-05
BPIC_2013_incidents,gru,baseline,1.0,0.1,42,5287,45689,4569,1,6,16,3,True,36.31,0.0,0.6777509344326502,0.7144622991347342,0.5683464442459845,0.6616661046851706,0.5415712113668828,1.0,0.0,0.0218699520947292
BPIC_2013_incidents,gru,baseline_mask,1.0,0.1,42,5287,45689,4569,1,6,16,3,True,36.31,0.0,0.6777509344326502,0.7144622991347342,0.5683464442459845,0.6616661046851706,0.5415712113668828,1.0,0.0,0.0
BPIC_2013_incidents,gru,checker,1.0,0.1,42,5287,45689,4569,1,6,16,3,True,36.86,0.0,0.6691161062573031,0.7150803461063041,0.5749870871299664,0.6901608743699956,0.544521540239304,1.0,0.0,0.0144644590677193
BPIC_2013_incidents,gru,embedder,1.0,0.1,42,5287,45689,4569,1,6,16,3,True,301.85,0.0,0.6797295174679248,0.7149773382777092,0.5750273865122306,0.6900111483673778,0.5446032711695046,1.0,0.0,0.0219224291854757
BPIC_2013_incidents,gru,baseline,1.0,0.25,42,5287,45689,11422,1,6,16,10,True,68.17,0.0,0.7726037183022076,0.7184796044499382,0.5766023067147636,0.6800275735723709,0.547015655481229,1.0,0.0,0.0611586590739965
BPIC_2013_incidents,gru,baseline_mask,1.0,0.25,42,5287,45689,11422,1,6,16,10,True,68.17,0.0,0.7726037183022076,0.7184796044499382,0.5766023067147636,0.6800275735723709,0.547015655481229,1.0,0.0,0.0
BPIC_2013_incidents,gru,checker,1.0,0.25,42,5287,45689,11422,1,6,16,1,True,27.72,0.0,0.7693901054152845,0.7133292130201896,0.5713598257877565,0.6825318690827148,0.5415620645029456,1.0,0.0,0.046012401834075
BPIC_2013_incidents,gru,embedder,1.0,0.25,42,5287,45689,11422,1,6,16,10,True,662.81,0.0,0.7754583378411832,0.7182735887927483,0.5842249117242829,0.6816986613862404,0.5545996879412967,1.0,0.0,0.0611455633600872
BPIC_2013_incidents,gru,baseline,1.0,0.4,42,5287,45689,18276,1,6,16,2,True,36.04,0.0,0.9040734763002022,0.7147713226205191,0.5724713122659016,0.689596144638092,0.54193606024271,1.0,0.0,0.0980330546193521
BPIC_2013_incidents,gru,baseline_mask,1.0,0.4,42,5287,45689,18276,1,6,16,2,True,36.04,0.0,0.9040734763002022,0.7147713226205191,0.5724713122659016,0.689596144638092,0.54193606024271,1.0,0.0,0.0
BPIC_2013_incidents,gru,checker,1.0,0.4,42,5287,45689,18276,1,6,16,2,True,36.27,0.0,0.8691016913540922,0.7147713226205191,0.5724713122659016,0.689596144638092,0.54193606024271,1.0,0.0,0.0662451696017665
BPIC_2013_incidents,gru,embedder,1.0,0.4,42,5287,45689,18276,1,6,16,2,True,301.56,0.0,0.9083982042486304,0.7147713226205191,0.5723846438196438,0.6898886881600735,0.5418322538053076,1.0,0.0,0.098420844673128
BPIC_2013_incidents,gru,baseline,0.5,0.0,42,2644,22998,0,1,6,16,8,True,40.15,0.0,0.6251105279847826,0.7182735887927483,0.5841932638474697,0.6749746433608254,0.5553976701210455,1.0,0.0,0.0002012797136666
BPIC_2013_incidents,gru,baseline_mask,0.5,0.0,42,2644,22998,0,1,6,16,8,True,40.15,0.0,0.6251105279847826,0.7182735887927483,0.5841932638474697,0.6749746433608254,0.5553976701210455,1.0,0.0,0.0
BPIC_2013_incidents,gru,checker,0.5,0.0,42,2644,22998,0,1,6,16,8,True,37.7,0.0,0.6250527778377147,0.7182735887927483,0.5843612932984626,0.6752071999154742,0.5555357740147727,1.0,0.0,0.0001344122567829
BPIC_2013_incidents,gru,embedder,0.5,0.0,42,2644,22998,0,1,6,16,7,True,257.82,0.0,0.6252904030635222,0.7176555418211784,0.5798300555389733,0.6770274596035527,0.550603982147432,1.0,0.0,0.0001688322060358
BPIC_2013_incidents,gru,baseline,0.5,0.1,42,2644,22998,2300,1,6,16,7,True,32.42,0.0,0.6741481839161524,0.7160074165636588,0.4975897332104197,0.6311192390837771,0.5344026070047964,1.0,0.0,0.0240520651789545
BPIC_2013_incidents,gru,baseline_mask,0.5,0.1,42,2644,22998,2300,1,6,16,7,True,32.42,0.0,0.6741481839161524,0.7160074165636588,0.4975897332104197,0.6311192390837771,0.5344026070047964,1.0,0.0,0.0
BPIC_2013_incidents,gru,checker,0.5,0.1,42,2644,22998,2300,1,6,16,7,True,34.15,0.0,0.6658504660550979,0.7168314791924186,0.5742364855571197,0.6540665350473016,0.5489562437415554,1.0,0.0,0.0160899957865292
BPIC_2013_incidents,gru,embedder,0.5,0.1,42,2644,22998,2300,1,6,16,7,True,262.16,0.0,0.6750631847153684,0.7162134322208488,0.571839879147424,0.6521199666958201,0.5469607592356677,1.0,0.0,0.0241593195414796
BPIC_2013_incidents,gru,baseline,0.5,0.25,42,2644,22998,5750,1,6,16,5,True,30.76,0.0,0.7702913720469244,0.7155953852492789,0.5739935103730952,0.6829852482316842,0.5441517533867635,1.0,0.0,0.059885606111373
BPIC_2013_incidents,gru,baseline_mask,0.5,0.25,42,2644,22998,5750,1,6,16,5,True,30.76,0.0,0.7702913720469244,0.7155953852492789,0.5739935103730952,0.6829852482316842,0.5441517533867635,1.0,0.0,0.0
BPIC_2013_incidents,gru,checker,0.5,0.25,42,2644,22998,5750,1,6,16,5,True,28.57,0.0,0.7476723988850912,0.7155953852492789,0.5740780573756736,0.6827238033435309,0.5442555598241657,1.0,0.0,0.0394292909730276
BPIC_2013_incidents,gru,embedder,0.5,0.25,42,2644,22998,5750,1,6,16,5,True,231.53,0.0,0.7725512092379714,0.7148743304491141,0.5727970153792793,0.6862237111096948,0.5426152718306508,1.0,0.0,0.0600634330034034
BPIC_2013_incidents,gru,baseline,0.5,0.4,42,2644,22998,9199,1,6,16,15,True,63.87,0.0,0.8984219174253435,0.7121961269056448,0.5844211445174724,0.6882003973323217,0.5552695553270383,0.99938195302843,0.0,0.1042034519850888
BPIC_2013_incidents,gru,baseline_mask,0.5,0.4,42,2644,22998,9199,1,6,16,15,True,63.87,0.0,0.8984219174253435,0.7121961269056448,0.5844211445174724,0.6882003973323217,0.5552695553270383,0.99979398434281,0.0,0.0
BPIC_2013_incidents,gru,checker,0.5,0.4,42,2644,22998,9199,1,6,16,15,True,64.5,0.0,0.861198857531019,0.7116810877626699,0.5835580210713088,0.688088994892685,0.5543314684970931,0.99979398434281,0.0,0.0701026310234783
BPIC_2013_incidents,gru,embedder,0.5,0.4,42,2644,22998,9199,1,6,16,15,True,430.48,0.0,0.9020902840355368,0.7131231973629996,0.5856682671878163,0.6907632986752295,0.5563979224863376,0.9990729295426451,0.0,0.1044363627739045
BPIC_2013_incidents,gru,baseline,0.25,0.0,42,1322,11672,0,1,6,16,20,True,42.77,0.0,0.6265579124611005,0.7155953852492789,0.5222352643479552,0.6098187361668815,0.5445006097239117,1.0,0.0,0.0001094084596411
BPIC_2013_incidents,gru,baseline_mask,0.25,0.0,42,1322,11672,0,1,6,16,20,True,42.77,0.0,0.6265579124611005,0.7155953852492789,0.5222352643479552,0.6098187361668815,0.5445006097239117,1.0,0.0,0.0
BPIC_2013_incidents,gru,checker,0.25,0.0,42,1322,11672,0,1,6,16,20,True,45.56,0.0,0.6268368195642597,0.7151833539348991,0.5541107459030048,0.6051014040197732,0.5563477827155993,1.0,0.0,7.558998545592145e-05
BPIC_2013_incidents,gru,embedder,0.25,0.0,42,1322,11672,0,1,6,16,9,True,159.77,0.0,0.6283810874489437,0.7159044087350639,0.502078647996356,0.6143468282958507,0.5363149000782043,1.0,0.0,0.0002374763998628
BPIC_2013_incidents,gru,baseline,0.25,0.1,42,1322,11672,1167,1,6,16,15,True,35.68,0.0,0.6767132746912984,0.7147713226205191,0.5967368382876622,0.6810486463370887,0.5683609983589333,1.0,0.0,0.0222645347441389
BPIC_2013_incidents,gru,baseline_mask,0.25,0.1,42,1322,11672,1167,1,6,16,15,True,35.68,0.0,0.6767132746912984,0.7147713226205191,0.5967368382876622,0.6810486463370887,0.5683609983589333,1.0,0.0,0.0
BPIC_2013_incidents,gru,checker,0.25,0.1,42,1322,11672,1167,1,6,16,15,True,34.72,0.0,0.6686187071421041,0.7141532756489494,0.5965273994472208,0.6811348951937252,0.5682294593841503,1.0,0.0,0.0145939631759045
BPIC_2013_incidents,gru,embedder,0.25,0.1,42,1322,11672,1167,1,6,16,15,True,218.88,0.0,0.6774146964533319,0.7149773382777092,0.6015297396386569,0.6827578759409253,0.5747570144163648,1.0,0.0,0.0225400871988255
BPIC_2013_incidents,gru,baseline,0.25,0.25,42,1322,11672,2918,1,6,16,4,True,15.03,0.0,0.7778967616486363,0.7133292130201896,0.5808317370301531,0.677301204871128,0.5517863229809029,1.0,0.0,0.0612168489511385
BPIC_2013_incidents,gru,baseline_mask,0.25,0.25,42,1322,11672,2918,1,6,16,4,True,15.03,0.0,0.7778967616486363,0.7133292130201896,0.5808317370301531,0.677301204871128,0.5517863229809029,1.0,0.0,0.0
BPIC_2013_incidents,gru,checker,0.25,0.25,42,1322,11672,2918,1,6,16,4,True,15.2,0.0,0.7588223220391386,0.7136382365059745,0.5789848771752225,0.6768562035781915,0.5498838834655737,1.0,0.0,0.0410627603797962
BPIC_2013_incidents,gru,embedder,0.25,0.25,42,1322,11672,2918,1,6,16,4,True,101.7,0.0,0.781272612337129,0.7129171817058096,0.5796959266234603,0.6804688166062761,0.550315153877968,1.0,0.0,0.0613518479411794
BPIC_2013_incidents,gru,baseline,0.25,0.4,42,1322,11672,4669,1,6,16,5,True,17.14,0.0,0.9017287334101064,0.7134322208487845,0.5714260500169249,0.6826653320827121,0.5416184374664724,1.0,0.0,0.1068614503951243
BPIC_2013_incidents,gru,baseline_mask,0.25,0.4,42,1322,11672,4669,1,6,16,5,True,17.14,0.0,0.9017287334101064,0.7134322208487845,0.5714260500169249,0.6826653320827121,0.5416184374664724,1.0,0.0,0.0
BPIC_2013_incidents,gru,checker,0.25,0.4,42,1322,11672,4669,1,6,16,5,True,17.2,0.0,0.8635999061072074,0.7134322208487845,0.5714260500169249,0.6826653320827121,0.5416184374664724,1.0,0.0,0.0732604074420435
BPIC_2013_incidents,gru,embedder,0.25,0.4,42,1322,11672,4669,1,6,16,5,True,110.33,0.0,0.9057317174998732,0.7134322208487845,0.5714260500169249,0.6826653320827121,0.5416184374664724,1.0,0.0,0.1065229816376843
BPIC_2013_incidents,gru,baseline,0.125,0.0,42,661,5844,0,1,6,16,17,True,25.37,0.0,0.6297949337890525,0.7166254635352287,0.5729853915228323,0.6743632563921619,0.5442055915192937,1.0,0.0,0.0002827832582414
BPIC_2013_incidents,gru,baseline_mask,0.125,0.0,42,661,5844,0,1,6,16,17,True,25.37,0.0,0.6297949337890525,0.7166254635352287,0.5729853915228323,0.6743632563921619,0.5442055915192937,1.0,0.0,0.0
BPIC_2013_incidents,gru,checker,0.125,0.0,42,661,5844,0,1,6,16,18,True,26.65,0.0,0.6296529129399259,0.7162134322208488,0.573129123840645,0.686199713922291,0.5429013393558461,1.0,0.0,0.0001987891765612
BPIC_2013_incidents,gru,embedder,0.125,0.0,42,661,5844,0,1,6,16,17,True,126.94,0.0,0.6296403682128755,0.7166254635352287,0.5728241592864042,0.6748138583911425,0.5439979786444891,1.0,0.0,0.000281302779687
BPIC_2013_incidents,gru,baseline,0.125,0.1,42,661,5844,584,1,6,16,10,True,18.35,0.0,0.6822229981864486,0.7147713226205191,0.5856501702038958,0.6778800090837156,0.5566537226431557,1.0,0.0,0.0207292198325915
BPIC_2013_incidents,gru,baseline_mask,0.125,0.1,42,661,5844,584,1,6,16,10,True,18.35,0.0,0.6822229981864486,0.7147713226205191,0.5856501702038958,0.6778800090837156,0.5566537226431557,1.0,0.0,0.0
BPIC_2013_incidents,gru,checker,0.125,0.1,42,661,5844,584,1,6,16,10,True,18.71,0.0,0.6753654424968353,0.7141532756489494,0.5857454661936515,0.6772270689664776,0.5568679004369047,1.0,0.0,0.0139558641048133
BPIC_2013_incidents,gru,embedder,0.125,0.1,42,661,5844,584,1,6,16,10,True,86.07,0.0,0.6846785205452837,0.7142562834775443,0.5874602053089878,0.6800867701553545,0.5586492009693813,1.0,0.0,0.0209509408931072
BPIC_2013_incidents,gru,baseline,0.125,0.25,42,661,5844,1461,1,6,16,9,True,16.43,0.0,0.7742829984925046,0.7141532756489494,0.5651346844204214,0.6844513430667805,0.5355221652059764,1.0,0.0,0.0602904865092267
BPIC_2013_incidents,gru,baseline_mask,0.125,0.25,42,661,5844,1461,1,6,16,9,True,16.43,0.0,0.7742829984925046,0.7141532756489494,0.5651346844204214,0.6844513430667805,0.5355221652059764,1.0,0.0,0.0
BPIC_2013_incidents,gru,checker,0.125,0.25,42,661,5844,1461,1,6,16,9,True,17.34,0.0,0.7530594390755972,0.7137412443345694,0.565187060287807,0.6838738239429811,0.5355728811393242,1.0,0.0,0.0408195196311317
BPIC_2013_incidents,gru,embedder,0.125,0.25,42,661,5844,1461,1,6,16,9,True,82.97,0.0,0.7774337867576495,0.7141532756489494,0.5651346844204214,0.6844513430667805,0.5355221652059764,1.0,0.0,0.0603463472034835
BPIC_2013_incidents,gru,baseline,0.125,0.4,42,661,5844,2338,1,6,16,14,True,22.97,0.0,0.9114031994053008,0.715389369592089,0.5736203625425607,0.6683094121467432,0.545533907587088,0.9854758961681088,0.0,0.1134995133372359
BPIC_2013_incidents,gru,baseline_mask,0.125,0.4,42,661,5844,2338,1,6,16,14,True,22.97,0.0,0.9114031994053008,0.715389369592089,0.5736203625425607,0.6683094121467432,0.545533907587088,1.0,0.0,0.0
BPIC_2013_incidents,gru,checker,0.125,0.4,42,661,5844,2338,1,6,16,14,True,23.56,0.0,0.8674624261907162,0.7125051503914297,0.5714191454094099,0.6435967789868925,0.5476257295790302,1.0,0.0,0.0754506083417931
BPIC_2013_incidents,gru,embedder,0.125,0.4,42,661,5844,2338,1,6,16,14,True,112.78,0.0,0.9161864242585146,0.715492377420684,0.5738384502344479,0.6691156020732131,0.5456245780069395,0.9859909353110836,0.0,0.1134719708493132
BPIC_2013_incidents,lstm,baseline,1.0,0.0,42,5287,45689,0,1,6,16,11,True,82.43,0.0,0.6241897536640458,0.7172435105067985,0.5735338172824449,0.656845923542167,0.5477988685215341,1.0,0.0,4.656737010447684e-05
BPIC_2013_incidents,lstm,baseline_mask,1.0,0.0,42,5287,45689,0,1,6,16,11,True,82.43,0.0,0.6241897536640458,0.7172435105067985,0.5735338172824449,0.656845923542167,0.5477988685215341,1.0,0.0,0.0
BPIC_2013_incidents,lstm,checker,1.0,0.0,42,5287,45689,0,1,6,16,27,False,154.45,0.0,0.6210653429223915,0.7194066749072929,0.584449361701406,0.6813656596544505,0.5548073069957634,1.0,0.0,1.5530823128639016e-05
BPIC_2013_incidents,lstm,embedder,1.0,0.0,42,5287,45689,0,1,6,16,13,True,776.59,0.0,0.621633617289527,0.7182735887927483,0.5830626529069356,0.682019238911828,0.5532538605287761,1.0,0.0,5.715787329552346e-05
BPIC_2013_incidents,lstm,baseline,1.0,0.1,42,5287,45689,4569,1,6,16,6,True,54.93,0.0,0.6729330087228719,0.7169344870210136,0.5705912784865591,0.6795498672121602,0.5413345966110183,1.0,0.0,0.0236746433955015
BPIC_2013_incidents,lstm,baseline_mask,1.0,0.1,42,5287,45689,4569,1,6,16,6,True,54.93,0.0,0.6729330087228719,0.7169344870210136,0.5705912784865591,0.6795498672121602,0.5413345966110183,1.0,0.0,0.0
BPIC_2013_incidents,lstm,checker,1.0,0.1,42,5287,45689,4569,1,6,16,6,True,58.49,0.0,0.6652521142067612,0.7178615574783683,0.5725676520249994,0.6809729802584982,0.5430848883263043,1.0,0.0,0.0160187611311864
BPIC_2013_incidents,lstm,embedder,1.0,0.1,42,5287,45689,4569,1,6,16,6,True,422.2,0.0,0.6743059382303094,0.7164194478780387,0.5702680642495718,0.6814202889830394,0.5407394843443228,1.0,0.0,0.0237273677207336
BPIC_2013_incidents,lstm,baseline,1.0,0.25,42,5287,45689,11422,1,6,16,3,True,37.77,0.0,0.7746786770626111,0.7140502678203543,0.485482618117746,0.4638937300810839,0.5194973655459445,0.9989699217140504,0.0,0.0727548957988466
BPIC_2013_incidents,lstm,baseline_mask,1.0,0.25,42,5287,45689,11422,1,6,16,3,True,37.77,0.0,0.7746786770626111,0.7140502678203543,0.485482618117746,0.4638937300810839,0.5194973655459445,1.0,0.0,0.0
BPIC_2013_incidents,lstm,checker,1.0,0.25,42,5287,45689,11422,1,6,16,3,True,38.11,0.0,0.7488555648860294,0.7140502678203543,0.485482618117746,0.4638937300810839,0.5194973655459445,1.0,0.0,0.0499328699087256
BPIC_2013_incidents,lstm,embedder,1.0,0.25,42,5287,45689,11422,1,6,16,3,True,295.3,0.0,0.7767052510956653,0.7147713226205191,0.5641378642641496,0.6908325510433921,0.5339946293191769,0.9987639060568604,0.0,0.0728789982134587
BPIC_2013_incidents,lstm,baseline,1.0,0.4,42,5287,45689,18276,1,6,16,7,True,56.31,0.0,0.8986724842513202,0.7144622991347342,0.5082480290646474,0.5797580927971773,0.5282852988111435,0.99958796868562,0.0,0.1025233359176237
BPIC_2013_incidents,lstm,baseline_mask,1.0,0.4,42,5287,45689,18276,1,6,16,7,True,56.31,0.0,0.8986724842513202,0.7144622991347342,0.5082480290646474,0.5797580927971773,0.5282852988111435,0.99958796868562,0.0,0.0
BPIC_2013_incidents,lstm,checker,1.0,0.4,42,5287,45689,18276,1,6,16,7,True,56.87,0.0,0.86510249838497,0.7144622991347342,0.5082480290646474,0.5797580927971773,0.5282852988111435,0.99938195302843,0.0,0.0716652114774692
BPIC_2013_incidents,lstm,embedder,1.0,0.4,42,5287,45689,18276,1,6,16,7,True,431.09,0.0,0.9020189396088438,0.7150803461063041,0.5740213457784945,0.6902841492423448,0.543554812983213,0.99958796868562,0.0,0.1027278147352346
BPIC_2013_incidents,lstm,baseline,0.5,0.0,42,2644,22998,0,1,6,16,16,True,38.64,0.0,0.6233752800399598,0.7177585496497734,0.5797645575679465,0.6892199527451294,0.5492710895578382,1.0,0.0,7.007568278922179e-05
BPIC_2013_incidents,lstm,baseline_mask,0.5,0.0,42,2644,22998,0,1,6,16,16,True,38.64,0.0,0.6233752800399598,0.7177585496497734,0.5797645575679465,0.6892199527451294,0.5492710895578382,1.0,0.0,0.0
BPIC_2013_incidents,lstm,checker,0.5,0.0,42,2644,22998,0,1,6,16,23,True,71.67,0.0,0.6220536100358496,0.7185826122785332,0.5829738670306034,0.6796366330660318,0.5534591050125363,1.0,0.0,5.787391997019256e-05
BPIC_2013_incidents,lstm,embedder,0.5,0.0,42,2644,22998,0,1,6,16,16,True,379.98,0.0,0.6233931699799174,0.7178615574783683,0.5800214629861867,0.689710451058521,0.5494655664150921,1.0,0.0,7.208865736811688e-05
BPIC_2013_incidents,lstm,baseline,0.5,0.1,42,2644,22998,2300,1,6,16,6,True,28.38,0.0,0.6730085615764,0.7150803461063041,0.4904893170426061,0.6081519917867648,0.5233106499917266,1.0,0.0,0.022846041262598
BPIC_2013_incidents,lstm,baseline_mask,0.5,0.1,42,2644,22998,2300,1,6,16,6,True,28.38,0.0,0.6730085615764,0.7150803461063041,0.4904893170426061,0.6081519917867648,0.5233106499917266,1.0,0.0,0.0
BPIC_2013_incidents,lstm,checker,0.5,0.1,42,2644,22998,2300,1,6,16,2,True,18.23,0.0,0.6671383287565769,0.7141532756489494,0.5060166922103901,0.5824760449641311,0.5273913629956021,1.0,0.0,0.0156657445237967
BPIC_2013_incidents,lstm,embedder,0.5,0.1,42,2644,22998,2300,1,6,16,6,True,192.82,0.0,0.6735985390089843,0.7160074165636588,0.5680482794478091,0.685700023796473,0.5381968674794669,1.0,0.0,0.0229695102197609
BPIC_2013_incidents,lstm,baseline,0.5,0.25,42,2644,22998,5750,1,6,16,4,True,23.2,0.0,0.7782107150058566,0.7131231973629996,0.5151302018819505,0.5860425059214213,0.5358848642548167,0.99938195302843,0.0,0.0604714417394955
BPIC_2013_incidents,lstm,baseline_mask,0.5,0.25,42,2644,22998,5750,1,6,16,4,True,23.2,0.0,0.7782107150058566,0.7131231973629996,0.5151302018819505,0.5860425059214213,0.5358848642548167,1.0,0.0,0.0
BPIC_2013_incidents,lstm,checker,0.5,0.25,42,2644,22998,5750,1,6,16,4,True,23.4,0.0,0.7565717598907634,0.7126081582200248,0.5111940977917844,0.57835781349565,0.5339457527124557,1.0,0.0,0.0390523562647577
BPIC_2013_incidents,lstm,embedder,0.5,0.25,42,2644,22998,5750,1,6,16,4,True,165.91,0.0,0.7804675752555681,0.7138442521631644,0.5776839621667444,0.6631947839849501,0.5503821280280491,0.99938195302843,0.0,0.0605142978597532
BPIC_2013_incidents,lstm,baseline,0.5,0.4,42,2644,22998,9199,1,6,16,2,True,18.22,0.0,0.9055497743585348,0.7126081582200248,0.4845372328318134,0.4615028949388963,0.5193309826809849,0.99938195302843,0.0,0.1025048398282678
BPIC_2013_incidents,lstm,baseline_mask,0.5,0.4,42,2644,22998,9199,1,6,16,2,True,18.22,0.0,0.9055497743585348,0.7126081582200248,0.4845372328318134,0.4615028949388963,0.5193309826809849,1.0,0.0,0.0
BPIC_2013_incidents,lstm,checker,0.5,0.4,42,2644,22998,9199,1,6,16,2,True,18.27,0.0,0.8657633007726996,0.7126081582200248,0.4845372328318134,0.4615028949388963,0.5193309826809849,1.0,0.0,0.0683080798431733
BPIC_2013_incidents,lstm,embedder,0.5,0.4,42,2644,22998,9199,1,6,16,2,True,129.27,0.0,0.908369707972806,0.7133292130201896,0.5632030503924642,0.6831697697390124,0.5338282464542172,0.99938195302843,0.0,0.10259440357996
BPIC_2013_incidents,lstm,baseline,0.25,0.0,42,1322,11672,0,1,6,16,16,True,33.25,0.0,0.6282923698032349,0.7167284713638237,0.5692727921948619,0.6888125138157276,0.5390057899053357,1.0,0.0,0.000150280649036
BPIC_2013_incidents,lstm,baseline_mask,0.25,0.0,42,1322,11672,0,1,6,16,16,True,33.25,0.0,0.6282923698032349,0.7167284713638237,0.5692727921948619,0.6888125138157276,0.5390057899053357,1.0,0.0,0.0
BPIC_2013_incidents,lstm,checker,0.25,0.0,42,1322,11672,0,1,6,16,14,True,30.29,0.0,0.6273905102195787,0.7159044087350639,0.5703831313030302,0.6575109508147873,0.5444717731290559,1.0,0.0,0.0001517450051716
BPIC_2013_incidents,lstm,embedder,0.25,0.0,42,1322,11672,0,1,6,16,16,True,161.51,0.0,0.6285336419393558,0.7166254635352287,0.5688934003634738,0.6899514802864825,0.5385341911921996,1.0,0.0,0.0001509439431878
BPIC_2013_incidents,lstm,baseline,0.25,0.1,42,1322,11672,1167,1,6,16,11,True,17.46,0.0,0.673937175516538,0.7159044087350639,0.5661261808155825,0.6839403616403423,0.5366908606660175,1.0,0.0,0.022267638237899
BPIC_2013_incidents,lstm,baseline_mask,0.25,0.1,42,1322,11672,1167,1,6,16,11,True,17.46,0.0,0.673937175516538,0.7159044087350639,0.5661261808155825,0.6839403616403423,0.5366908606660175,1.0,0.0,0.0
BPIC_2013_incidents,lstm,checker,0.25,0.1,42,1322,11672,1167,1,6,16,11,True,17.73,0.0,0.6662857690661053,0.7163164400494437,0.5676137704592027,0.6884049968563772,0.5375364489392557,1.0,0.0,0.0147718955514408
BPIC_2013_incidents,lstm,embedder,0.25,0.1,42,1322,11672,1167,1,6,16,11,True,114.37,0.0,0.6749213493356598,0.7160074165636588,0.5662606995905456,0.6845512976459024,0.5367472336295441,1.0,0.0,0.0223321195440094
BPIC_2013_incidents,lstm,baseline,0.25,0.25,42,1322,11672,2918,1,6,16,7,True,13.44,0.0,0.7770357465960137,0.7149773382777092,0.5741642228353808,0.6891593611638661,0.5436717554381659,1.0,0.0,0.0605415124822213
BPIC_2013_incidents,lstm,baseline_mask,0.25,0.25,42,1322,11672,2918,1,6,16,7,True,13.44,0.0,0.7770357465960137,0.7149773382777092,0.5741642228353808,0.6891593611638661,0.5436717554381659,1.0,0.0,0.0
BPIC_2013_incidents,lstm,checker,0.25,0.25,42,1322,11672,2918,1,6,16,7,True,13.55,0.0,0.7568369041414579,0.715286361763494,0.574354247155794,0.6904889962459634,0.5437370678913437,1.0,0.0,0.0415214935174119
BPIC_2013_incidents,lstm,embedder,0.25,0.25,42,1322,11672,2918,1,6,16,7,True,84.59,0.0,0.7804727078859434,0.7151833539348991,0.5743956453784095,0.6894076466486067,0.5439226052589466,1.0,0.0,0.0612681506053503
BPIC_2013_incidents,lstm,baseline,0.25,0.4,42,1322,11672,4669,1,6,16,15,True,22.01,0.0,0.8960131388610413,0.715286361763494,0.5667653896201783,0.6906098403903096,0.536451858980122,0.99958796868562,0.0,0.0975958655431381
BPIC_2013_incidents,lstm,baseline_mask,0.25,0.4,42,1322,11672,4669,1,6,16,15,True,22.01,0.0,0.8960131388610413,0.715286361763494,0.5667653896201783,0.6906098403903096,0.536451858980122,0.9996909765142152,0.0,0.0
BPIC_2013_incidents,lstm,checker,0.25,0.4,42,1322,11672,4669,1,6,16,15,True,21.9,0.0,0.8582689232623867,0.7146683147919242,0.5641427099270829,0.690264934795089,0.5340420627930526,1.0,0.0,0.0629702752289528
BPIC_2013_incidents,lstm,embedder,0.25,0.4,42,1322,11672,4669,1,6,16,3,True,56.97,0.0,0.9198576640729116,0.7133292130201896,0.5713598257877565,0.6825318690827148,0.5415620645029456,1.0,0.0,0.1041795649509347
BPIC_2013_incidents,lstm,baseline,0.125,0.0,42,661,5844,0,1,6,16,7,True,8.87,0.0,0.6333572107133524,0.7149773382777092,0.5653172625141011,0.6902855132923174,0.5351093140270737,1.0,0.0,0.0010117201059158
BPIC_2013_incidents,lstm,baseline_mask,0.125,0.0,42,661,5844,0,1,6,16,7,True,8.87,0.0,0.6333572107133524,0.7149773382777092,0.5653172625141011,0.6902855132923174,0.5351093140270737,1.0,0.0,0.0
BPIC_2013_incidents,lstm,checker,0.125,0.0,42,661,5844,0,1,6,16,7,True,8.93,0.0,0.6333991433054418,0.7147713226205191,0.5651336486547842,0.689594990952707,0.5349965681000203,1.0,0.0,0.0007142062010145
BPIC_2013_incidents,lstm,embedder,0.125,0.0,42,661,5844,0,1,6,16,7,True,44.6,0.0,0.6336869478323944,0.7149773382777092,0.5653172625141011,0.6902855132923174,0.5351093140270737,1.0,0.0,0.0009944973612103
BPIC_2013_incidents,lstm,baseline,0.125,0.1,42,661,5844,584,1,6,16,12,True,12.84,0.0,0.680591615473335,0.7151833539348991,0.5652409416193753,0.6918596956139892,0.5349106406419201,1.0,0.0,0.0235097637107625
BPIC_2013_incidents,lstm,baseline_mask,0.125,0.1,42,661,5844,584,1,6,16,12,True,12.84,0.0,0.680591615473335,0.7151833539348991,0.5652409416193753,0.6918596956139892,0.5349106406419201,1.0,0.0,0.0
BPIC_2013_incidents,lstm,checker,0.125,0.1,42,661,5844,584,1,6,16,12,True,12.96,0.0,0.6745023809935166,0.7151833539348991,0.5652409416193753,0.6918596956139892,0.5349106406419201,1.0,0.0,0.0157099722991657
BPIC_2013_incidents,lstm,embedder,0.125,0.1,42,661,5844,584,1,6,16,12,True,63.19,0.0,0.681471644284846,0.7151833539348991,0.5652409416193753,0.6918596956139892,0.5349106406419201,1.0,0.0,0.0235989986499445
BPIC_2013_incidents,lstm,baseline,0.125,0.25,42,661,5844,1461,1,6,16,7,True,9.21,0.0,0.7783360734710882,0.7133292130201896,0.5632030503924642,0.6831697697390124,0.5338282464542172,1.0,0.0,0.0616440282459975
BPIC_2013_incidents,lstm,baseline_mask,0.125,0.25,42,661,5844,1461,1,6,16,7,True,9.21,0.0,0.7783360734710882,0.7133292130201896,0.5632030503924642,0.6831697697390124,0.5338282464542172,1.0,0.0,0.0
BPIC_2013_incidents,lstm,checker,0.125,0.25,42,661,5844,1461,1,6,16,7,True,9.21,0.0,0.7542276425670094,0.7133292130201896,0.5632030503924642,0.6831697697390124,0.5338282464542172,1.0,0.0,0.0402782575726558
BPIC_2013_incidents,lstm,embedder,0.125,0.25,42,661,5844,1461,1,6,16,7,True,40.69,0.0,0.7802178980540876,0.7133292130201896,0.5632030503924642,0.6831697697390124,0.5338282464542172,1.0,0.0,0.0614934948890431
BPIC_2013_incidents,lstm,baseline,0.125,0.4,42,661,5844,2338,1,6,16,13,True,13.61,0.0,0.9021589305109088,0.7112690564482901,0.5644495625661837,0.6484033434325924,0.539793922383368,0.9915533580552122,0.0,0.1049951649296662
BPIC_2013_incidents,lstm,baseline_mask,0.125,0.4,42,661,5844,2338,1,6,16,13,True,13.61,0.0,0.9021589305109088,0.7112690564482901,0.5644495625661837,0.6484033434325924,0.539793922383368,1.0,0.0,0.0
BPIC_2013_incidents,lstm,checker,0.125,0.4,42,661,5844,2338,1,6,16,13,True,13.73,0.0,0.8623079536478855,0.7112690564482901,0.5643347356968423,0.6502418217206913,0.5393443991774337,1.0,0.0,0.0708910768562302
BPIC_2013_incidents,lstm,embedder,0.125,0.4,42,661,5844,2338,1,6,16,13,True,71.16,0.0,0.9053335335208498,0.7142562834775443,0.5656022977727871,0.6780671484426488,0.536687939661459,0.9915533580552122,0.0,0.1050462566951591
Sepsis_Case,gru,baseline,1.0,0.0,42,735,10740,0,15,18,128,18,True,29.75,0.0004631773969430292,0.8492352484331577,0.6688281611857342,0.4892502539135757,0.4991641883072252,0.48596388921914474,0.9333024548402038,0.0,0.0027834186366025486
Sepsis_Case,gru,baseline_mask,1.0,0.0,42,735,10740,0,15,18,128,18,True,29.75,0.0004631773969430292,0.8492352484331577,0.6688281611857342,0.4892502539135757,0.4991641883072252,0.48596388921914474,0.9333024548402038,0.0,0.0
Sepsis_Case,gru,checker,1.0,0.0,42,735,10740,0,15,18,128,18,True,29.1,0.0004631773969430292,0.8470490434866583,0.66512274201019,0.48775423017335107,0.4982836959012431,0.4843379664145371,0.9337656322371468,0.0,0.002062123658367609
Sepsis_Case,gru,embedder,1.0,0.0,42,735,10740,0,15,18,128,18,True,861.73,0.0004631773969430292,0.8763238607373929,0.666049096804076,0.4893222529129947,0.4967637979481072,0.48785013145221773,0.9212598425196851,0.0,0.003039747081876436
Sepsis_Case,gru,baseline,1.0,0.1,42,735,10740,1074,15,18,128,12,True,18.47,0.0004631773969430292,0.9162086038028493,0.6817971283001389,0.48753160127081635,0.5138221615786887,0.4801129909507801,0.9268179712830014,0.0,0.02828194909211854
Sepsis_Case,gru,baseline_mask,1.0,0.1,42,735,10740,1074,15,18,128,12,True,18.47,0.0004631773969430292,0.9162086038028493,0.6817971283001389,0.48753160127081635,0.5138221615786887,0.4801129909507801,0.9268179712830014,0.0,0.0
Sepsis_Case,gru,checker,1.0,0.1,42,735,10740,1074,15,18,128,22,True,29.36,0.0004631773969430292,0.9017959107067255,0.6739231125521075,0.4783924379578711,0.5029577334542348,0.47427278628872527,0.9291338582677166,0.0,0.01903823059830416
Sepsis_Case,gru,embedder,1.0,0.1,42,735,10740,1074,15,18,128,15,True,762.72,0.0004631773969430292,0.9566306873514123,0.6530801296896711,0.4816916886254813,0.504538544353772,0.4788042899629057,0.9235757295044001,0.0,0.030219478169460436
Sepsis_Case,gru,baseline,1.0,0.25,42,735,10740,2685,15,18,128,17,True,29.15,0.0004631773969430292,1.064586054566504,0.6637332098193608,0.4722223370776484,0.49309377534875526,0.46782418994035085,0.9277443260768874,0.0,0.07140072964514886
Sepsis_Case,gru,baseline_mask,1.0,0.25,42,735,10740,2685,15,18,128,17,True,29.15,0.0004631773969430292,1.064586054566504,0.6637332098193608,0.4722223370776484,0.49309377534875526,0.46782418994035085,0.9291338582677166,0.0,0.0
Sepsis_Case,gru,checker,1.0,0.25,42,735,10740,2685,15,18,128,17,True,28.76,0.0004631773969430292,1.0402916276162286,0.667438628994905,0.4750705581429845,0.49947381582518247,0.4700168724964651,0.9286706808707735,0.0,0.05015094644179108
Sepsis_Case,gru,embedder,1.0,0.25,42,735,10740,2685,15,18,128,19,True,940.7,0.0004631773969430292,1.096248349308581,0.6526169522927281,0.48175143620576777,0.5033381956793483,0.47808856970021374,0.9138490041685966,0.0,0.07259722868771727
Sepsis_Case,gru,baseline,1.0,0.4,42,735,10740,4296,15,18,128,6,True,17.2,0.0018527095877721167,1.2359561045559648,0.6646595646132468,0.46741273328859173,0.48355304199677784,0.46270278264720466,0.9258916164891153,0.0004631773969430292,0.1160032439350585
Sepsis_Case,gru,baseline_mask,1.0,0.4,42,735,10740,4296,15,18,128,6,True,17.2,0.0018527095877721167,1.2359561045559648,0.66512274201019,0.46822278178832033,0.4836163181249513,0.4641908778852999,0.9277443260768874,0.0,0.0
Sepsis_Case,gru,checker,1.0,0.4,42,735,10740,4296,15,18,128,6,True,17.18,0.0018527095877721167,1.1976460911378424,0.6632700324224178,0.46661139422504394,0.48259268350894,0.46188005977528324,0.9240389069013432,0.0004631773969430292,0.08324798936435833
Sepsis_Case,gru,embedder,1.0,0.4,42,735,10740,4296,15,18,128,6,True,527.73,0.0009263547938860583,1.3003858855169312,0.6257526632700324,0.4497379336320076,0.4744618308427375,0.45315936997173223,0.9004168596572487,0.0004631773969430292,0.109043318310674
Sepsis_Case,gru,baseline,0.5,0.0,42,368,5525,0,15,18,128,17,True,16.87,0.0004631773969430292,0.8708744517295877,0.6683649837887911,0.4831773633674368,0.504752712335212,0.47622524907791897,0.9305233904585456,0.0,0.003913783803262979
Sepsis_Case,gru,baseline_mask,0.5,0.0,42,368,5525,0,15,18,128,17,True,16.87,0.0004631773969430292,0.8708744517295877,0.6683649837887911,0.4831773633674368,0.504752712335212,0.47622524907791897,0.9305233904585456,0.0,0.0
Sepsis_Case,gru,checker,0.5,0.0,42,368,5525,0,15,18,128,17,True,16.9,0.0004631773969430292,0.8663393226471583,0.6753126447429365,0.48855808317063987,0.509368365590885,0.48117315574641983,0.9319129226493748,0.0,0.00275610524510957
Sepsis_Case,gru,embedder,0.5,0.0,42,368,5525,0,15,18,128,17,True,526.76,0.0004631773969430292,0.892956407272247,0.6465956461324688,0.4745912068792404,0.4876319511142538,0.476337349422939,0.9212598425196851,0.0,0.003943618190603787
Sepsis_Case,gru,baseline,0.5,0.1,42,368,5525,552,15,18,128,16,True,16.04,0.0004631773969430292,0.9352364127091536,0.6780917091245947,0.4913013361377161,0.5211902126898641,0.48076067348246443,0.9217230199166281,0.0,0.029980155329197133
Sepsis_Case,gru,baseline_mask,0.5,0.1,42,368,5525,552,15,18,128,16,True,16.04,0.0004631773969430292,0.9352364127091536,0.6780917091245947,0.4913013361377161,0.5211902126898641,0.48076067348246443,0.9217230199166281,0.0,0.0
Sepsis_Case,gru,checker,0.5,0.1,42,368,5525,552,15,18,128,16,True,16.19,0.0004631773969430292,0.930284532809379,0.6734599351551644,0.48603644573009563,0.5152483126445594,0.4766479023279351,0.9240389069013432,0.0,0.02137893472934912
Sepsis_Case,gru,embedder,0.5,0.1,42,368,5525,552,15,18,128,15,True,469.96,0.0004631773969430292,0.9634190179949395,0.6489115331171839,0.468645371693754,0.5157354781006958,0.470885795657081,0.9152385363594256,0.0,0.029412358201222323
Sepsis_Case,gru,baseline,0.5,0.25,42,368,5525,1381,15,18,128,17,True,16.84,0.0009263547938860583,1.0817845579980423,0.667438628994905,0.48331670464848614,0.5088111256450409,0.4749713838537123,0.9198703103288559,0.0004631773969430292,0.08066155258678297
Sepsis_Case,gru,baseline_mask,0.5,0.25,42,368,5525,1381,15,18,128,17,True,16.84,0.0009263547938860583,1.0817845579980423,0.667438628994905,0.48341233721093285,0.5089059475086358,0.4749713838537123,0.9212598425196851,0.0,0.0
Sepsis_Case,gru,checker,0.5,0.25,42,368,5525,1381,15,18,128,17,True,16.99,0.0013895321908290875,1.0488355211661666,0.66512274201019,0.4771556528124564,0.50671017763183,0.4703477646108178,0.9221861973135711,0.0,0.05562039976831717
Sepsis_Case,gru,embedder,0.5,0.25,42,368,5525,1381,15,18,128,17,True,514.17,0.0009263547938860583,1.1149090320327426,0.6484483557202408,0.46282032156818514,0.4600906078705705,0.47495782456044144,0.9115331171838814,0.0,0.08190185020730803
Sepsis_Case,gru,baseline,0.5,0.4,42,368,5525,2210,15,18,128,23,True,21.42,0.0004631773969430292,1.273342809283993,0.6604909680407596,0.477116771042656,0.4964695848122106,0.47181771184687976,0.9027327466419639,0.0004631773969430292,0.12434157271554151
Sepsis_Case,gru,baseline_mask,0.5,0.4,42,368,5525,2210,15,18,128,23,True,21.42,0.0004631773969430292,1.273342809283993,0.6609541454377026,0.47788814923836564,0.4964695848122106,0.473305807084975,0.9082908754052802,0.0,0.0
Sepsis_Case,gru,checker,0.5,0.4,42,368,5525,2210,15,18,128,23,True,21.51,0.0004631773969430292,1.233344271979215,0.6628068550254748,0.47474143218710524,0.49138596483480174,0.47127828464288285,0.9082908754052802,0.0,0.08928352553999606
Sepsis_Case,gru,embedder,0.5,0.4,42,368,5525,2210,15,18,128,23,True,658.94,0.0004631773969430292,1.3286218046865954,0.6229735988883742,0.4630179818364687,0.4970531239851733,0.462287913680256,0.8981009726725335,0.0004631773969430292,0.1217559546321948
Sepsis_Case,gru,baseline,0.25,0.0,42,184,2724,0,15,18,128,20,True,11.65,0.0018527095877721167,0.9132795912516012,0.666975451597962,0.4701527417621074,0.4977913960559396,0.46802099836766453,0.9235757295044001,0.0,0.0055301040482171136
Sepsis_Case,gru,baseline_mask,0.25,0.0,42,184,2724,0,15,18,128,20,True,11.65,0.0018527095877721167,0.9132795912516012,0.666975451597962,0.4701527417621074,0.4977913960559396,0.46802099836766453,0.9235757295044001,0.0,0.0
Sepsis_Case,gru,checker,0.25,0.0,42,184,2724,0,15,18,128,27,False,14.07,0.0018527095877721167,0.9064378265762506,0.6646595646132468,0.47292463205324176,0.4893772720054439,0.46992972061312815,0.9305233904585456,0.0,0.0033570451787256666
Sepsis_Case,gru,embedder,0.25,0.0,42,184,2724,0,15,18,128,27,False,368.4,0.0009263547938860583,0.9323877437957298,0.6475220009263548,0.4711925935294765,0.4920700850979315,0.47381189851888483,0.9157017137563687,0.0,0.004364733886182474
Sepsis_Case,gru,baseline,0.25,0.1,42,184,2724,272,15,18,128,20,True,10.57,0.0018527095877721167,0.9794376297315109,0.6618805002315887,0.4681792348527176,0.5017648558182353,0.46423264963185656,0.9245020842982863,0.0009263547938860583,0.030849639768054386
Sepsis_Case,gru,baseline_mask,0.25,0.1,42,184,2724,272,15,18,128,20,True,10.57,0.0018527095877721167,0.9794376297315109,0.6623436776285317,0.46843733828386064,0.5021545961792907,0.4643779984690659,0.9245020842982863,0.0,0.0
Sepsis_Case,gru,checker,0.25,0.1,42,184,2724,272,15,18,128,20,True,10.62,0.003242241778601204,0.9713171234060184,0.6628068550254748,0.46875917558298963,0.5035445419118265,0.4639377578617109,0.9263547938860583,0.0004631773969430292,0.021916624934219718
Sepsis_Case,gru,embedder,0.25,0.1,42,184,2724,272,15,18,128,21,True,321.5,0.003242241778601204,1.0182572824638052,0.6405743399722094,0.45954197277746384,0.48596904867139723,0.4629443712580592,0.9018063918480778,0.0004631773969430292,0.030246415043930424
Sepsis_Case,gru,baseline,0.25,0.25,42,184,2724,681,15,18,128,18,True,10.77,0.0018527095877721167,1.1227436851936117,0.666049096804076,0.47878274372541335,0.4992163165324318,0.4721371988008719,0.9106067623899954,0.0013895321908290875,0.07903815933941911
Sepsis_Case,gru,baseline_mask,0.25,0.25,42,184,2724,681,15,18,128,18,True,10.77,0.0018527095877721167,1.1227436851936117,0.666975451597962,0.4794496664081066,0.5004521505234544,0.4724278964752905,0.9115331171838814,0.0,0.0
Sepsis_Case,gru,checker,0.25,0.25,42,184,2724,681,15,18,128,18,True,10.82,0.0018527095877721167,1.095917560812388,0.6637332098193608,0.4740648218202237,0.49597467292792285,0.4682546087910114,0.9138490041685966,0.0009263547938860583,0.05559032122574785
Sepsis_Case,gru,embedder,0.25,0.25,42,184,2724,681,15,18,128,22,True,341.6,0.0018527095877721167,1.1487609488702362,0.6438165817508106,0.4640087196482463,0.4779027214864304,0.4661819565920372,0.8976377952755905,0.0013895321908290875,0.0742331532871022
Sepsis_Case,gru,baseline,0.25,0.4,42,184,2724,1090,15,18,128,17,True,10.31,0.006021306160259379,1.3000513582993791,0.6614173228346457,0.46859575975695067,0.4967964342227998,0.46248349757685203,0.8939323761000463,0.002315886984715146,0.1184030195604104
Sepsis_Case,gru,baseline_mask,0.25,0.4,42,184,2724,1090,15,18,128,17,True,10.31,0.006021306160259379,1.3000513582993791,0.6623436776285317,0.4700487001652426,0.4979303462841555,0.4642840928149473,0.8994905048633627,0.0,0.0
Sepsis_Case,gru,checker,0.25,0.4,42,184,2724,1090,15,18,128,17,True,10.33,0.006484483557202408,1.2550641298846217,0.6577119036591015,0.4648180911180104,0.493763204603895,0.459920683093732,0.8976377952755905,0.002315886984715146,0.08488816935991789
Sepsis_Case,gru,embedder,0.25,0.4,42,184,2724,1090,15,18,128,17,True,269.22,0.0041685965724872626,1.359510357261753,0.6289949050486336,0.45300395304398255,0.5060783234128879,0.4554471637323241,0.8846688281611857,0.002315886984715146,0.11082136860844602
Sepsis_Case,gru,baseline,0.125,0.0,42,92,1271,0,15,18,128,22,True,6.47,0.0018527095877721167,0.988014069239593,0.6586382584529875,0.466047692435859,0.4913881886760743,0.4602414214472157,0.9184807781380269,0.0004631773969430292,0.008750054135706384
Sepsis_Case,gru,baseline_mask,0.125,0.0,42,92,1271,0,15,18,128,22,True,6.47,0.0018527095877721167,0.988014069239593,0.6591014358499305,0.46685938133736193,0.491461134521079,0.4617295166853109,0.9189439555349699,0.0,0.0
Sepsis_Case,gru,checker,0.125,0.0,42,92,1271,0,15,18,128,27,False,7.22,0.0018527095877721167,0.9804596399587302,0.6609541454377026,0.4727876275247205,0.4934478857296583,0.46647837970284795,0.9170912459471978,0.0009263547938860583,0.005756436065943664
Sepsis_Case,gru,embedder,0.125,0.0,42,92,1271,0,15,18,128,27,False,144.03,0.0018527095877721167,1.01013903067917,0.6373320981936081,0.46086658453298135,0.49085782588365534,0.4558026983942154,0.9013432144511347,0.0009263547938860583,0.007986185659627262
Sepsis_Case,gru,baseline,0.125,0.1,42,92,1271,127,15,18,128,26,False,7.21,0.0041685965724872626,1.0545646981985384,0.6475220009263548,0.4524583364014426,0.4733965965879302,0.45170972073992577,0.9013432144511347,0.0041685965724872626,0.03649368443392172
Sepsis_Case,gru,baseline_mask,0.125,0.1,42,92,1271,127,15,18,128,26,False,7.21,0.0041685965724872626,1.0545646981985384,0.650764242704956,0.45921613978276027,0.4829071389025209,0.45557123369954,0.905511811023622,0.0,0.0
Sepsis_Case,gru,checker,0.125,0.1,42,92,1271,127,15,18,128,26,False,7.18,0.005094951366373321,1.0418897437077532,0.6530801296896711,0.46066467711556336,0.48611095202254734,0.45750786509197355,0.9064381658175081,0.0041685965724872626,0.0264843940344907
Sepsis_Case,gru,embedder,0.125,0.1,42,92,1271,127,15,18,128,26,False,142.27,0.0041685965724872626,1.098719629991822,0.6234367762853172,0.449786052232086,0.4852609266234009,0.4513778674669019,0.8805002315886985,0.0009263547938860583,0.0357593167461058
Sepsis_Case,gru,baseline,0.125,0.25,42,92,1271,318,15,18,128,22,True,6.45,0.006484483557202408,1.2077742872993502,0.6391848077813803,0.45189432299276266,0.48551974449579166,0.4464828155224069,0.8860583603520148,0.0004631773969430292,0.061868074410019125
Sepsis_Case,gru,baseline_mask,0.125,0.25,42,92,1271,318,15,18,128,22,True,6.45,0.006484483557202408,1.2077742872993502,0.6396479851783233,0.45269657298477345,0.48556217283313285,0.4479709107605021,0.88837424733673,0.0,0.0
Sepsis_Case,gru,checker,0.125,0.25,42,92,1271,318,15,18,128,22,True,6.5,0.006484483557202408,1.1908393036496479,0.6354793886058361,0.45033053612416213,0.4818785352149981,0.4449217323830616,0.889300602130616,0.0004631773969430292,0.04435392206033494
Sepsis_Case,gru,embedder,0.125,0.25,42,92,1271,318,15,18,128,22,True,127.62,0.003242241778601204,1.2500125872641594,0.6150995831403427,0.43780542673074196,0.45315659282507503,0.43733609398348705,0.8587308939323761,0.0004631773969430292,0.064177726775463
Sepsis_Case,gru,baseline,0.125,0.4,42,92,1271,508,15,18,128,23,True,6.14,0.008800370541917554,1.4081492209776842,0.6169522927281149,0.4530044750698138,0.45896252077867017,0.4513017409522516,0.8462251042149143,0.0111162575266327,0.13542673699195432
Sepsis_Case,gru,baseline_mask,0.125,0.4,42,92,1271,508,15,18,128,23,True,6.14,0.008800370541917554,1.4081492209776842,0.6211208893006022,0.4571948957744236,0.4637577301852174,0.45471704803992696,0.8628994905048634,0.0,0.0
Sepsis_Case,gru,checker,0.125,0.4,42,92,1271,508,15,18,128,18,True,5.53,0.009726725335803613,1.3638897145330051,0.6113941639647985,0.44532487516735053,0.4580374734567304,0.44128189293633735,0.8628994905048634,0.002779064381658175,0.10024378767936745
Sepsis_Case,gru,embedder,0.125,0.4,42,92,1271,508,15,18,128,23,True,134.86,0.002315886984715146,1.4733139893256608,0.5974988420565076,0.4459100475765836,0.4608883116347583,0.44663566642635494,0.8295507179249653,0.008800370541917554,0.12467424887620282
Sepsis_Case,lstm,baseline,1.0,0.0,42,735,10740,0,15,18,128,14,True,32.79,0.0004631773969430292,0.8565662590758344,0.6706808707735062,0.4861772307019005,0.5068158341209393,0.4781001566074614,0.9333024548402038,0.0,0.003094987242688365
Sepsis_Case,lstm,baseline_mask,1.0,0.0,42,735,10740,0,15,18,128,14,True,32.79,0.0004631773969430292,0.8565662590758344,0.6706808707735062,0.4861772307019005,0.5068158341209393,0.4781001566074614,0.9333024548402038,0.0,0.0
Sepsis_Case,lstm,checker,1.0,0.0,42,735,10740,0,15,18,128,24,True,48.56,0.0004631773969430292,0.8522806808097101,0.6716072255673923,0.47644683185847064,0.5091275622718098,0.4722007079149757,0.9342288096340898,0.0,0.001538605412947995
Sepsis_Case,lstm,embedder,1.0,0.0,42,735,10740,0,15,18,128,18,True,1132.73,0.0004631773969430292,0.872546875791563,0.6748494673459935,0.4857822788294753,0.5060127957368536,0.48008523814294213,0.9235757295044001,0.0,0.0033752623103876504
Sepsis_Case,lstm,baseline,1.0,0.1,42,735,10740,1074,15,18,128,18,True,40.39,0.0004631773969430292,0.9170967939552636,0.6753126447429365,0.4883322186615414,0.5144730991711758,0.4794851601556963,0.9379342288096341,0.0,0.030145939758747138
Sepsis_Case,lstm,baseline_mask,1.0,0.1,42,735,10740,1074,15,18,128,18,True,40.39,0.0004631773969430292,0.9170967939552636,0.6753126447429365,0.4883322186615414,0.5144730991711758,0.4794851601556963,0.9379342288096341,0.0,0.0
Sepsis_Case,lstm,checker,1.0,0.1,42,735,10740,1074,15,18,128,18,True,40.44,0.0004631773969430292,0.9014912579224141,0.6743862899490505,0.48907269370304574,0.5129872080883029,0.4802637555208854,0.937471051412691,0.0,0.020320248918201483
Sepsis_Case,lstm,embedder,1.0,0.1,42,735,10740,1074,15,18,128,16,True,1030.95,0.0004631773969430292,0.956829913847421,0.6516905974988421,0.4666212005711955,0.4796577091239811,0.4698585033051353,0.9249652616952293,0.0,0.030513481876712368
Sepsis_Case,lstm,baseline,1.0,0.25,42,735,10740,2685,15,18,128,18,True,40.34,0.0009263547938860583,1.0537110329116037,0.6729967577582214,0.4811583226077659,0.5044894276559133,0.47467498834048427,0.9286706808707735,0.0,0.07248316327003816
Sepsis_Case,lstm,baseline_mask,1.0,0.25,42,735,10740,2685,15,18,128,18,True,40.34,0.0009263547938860583,1.0537110329116037,0.6729967577582214,0.4811583226077659,0.5044894276559133,0.47467498834048427,0.9305233904585456,0.0,0.0
Sepsis_Case,lstm,checker,1.0,0.25,42,735,10740,2685,15,18,128,18,True,40.46,0.0004631773969430292,1.0288775410018292,0.6702176933765632,0.4846342932190316,0.5041587628299069,0.47808345112806305,0.9319129226493748,0.0,0.050718430043191695
Sepsis_Case,lstm,embedder,1.0,0.25,42,735,10740,2685,15,18,128,10,True,736.06,0.0004631773969430292,1.095178774630046,0.6637332098193608,0.47134648974528814,0.48060015907315407,0.47009850634337913,0.9198703103288559,0.0,0.07294725914515517
Sepsis_Case,lstm,baseline,1.0,0.4,42,735,10740,4296,15,18,128,10,True,26.4,0.0009263547938860583,1.2234797864227507,0.6692913385826772,0.47108809557413495,0.5483172764092092,0.46813693007838797,0.9212598425196851,0.0,0.11613820704073749
Sepsis_Case,lstm,baseline_mask,1.0,0.4,42,735,10740,4296,15,18,128,10,True,26.4,0.0009263547938860583,1.2234797864227507,0.6692913385826772,0.47108809557413495,0.5483172764092092,0.46813693007838797,0.9235757295044001,0.0,0.0
Sepsis_Case,lstm,checker,1.0,0.4,42,735,10740,4296,15,18,128,10,True,26.44,0.0009263547938860583,1.1823743755699254,0.666975451597962,0.47066880404916256,0.5481217086068196,0.46702715102087505,0.9268179712830014,0.0,0.08319784285032181
Sepsis_Case,lstm,embedder,1.0,0.4,42,735,10740,4296,15,18,128,10,True,732.94,0.0009263547938860583,1.273860830684236,0.6387216303844372,0.4582908485265348,0.47620387639199335,0.45784581783181366,0.9092172301991662,0.0004631773969430292,0.11255762908278157
Sepsis_Case,lstm,baseline,0.5,0.0,42,368,5525,0,15,18,128,21,True,20.5,0.0004631773969430292,0.8718011210283895,0.6688281611857342,0.4904599892940494,0.5034245451009712,0.4843888757745903,0.9286706808707735,0.0,0.003859435813242657
Sepsis_Case,lstm,baseline_mask,0.5,0.0,42,368,5525,0,15,18,128,21,True,20.5,0.0004631773969430292,0.8718011210283895,0.6688281611857342,0.4904599892940494,0.5034245451009712,0.4843888757745903,0.9286706808707735,0.0,0.0
Sepsis_Case,lstm,checker,0.5,0.0,42,368,5525,0,15,18,128,21,True,20.54,0.0004631773969430292,0.862770999344812,0.6688281611857342,0.4959996139109385,0.5063652728460748,0.49158870813340194,0.9323761000463178,0.0,0.003106776136717741
Sepsis_Case,lstm,embedder,0.5,0.0,42,368,5525,0,15,18,128,21,True,626.74,0.0004631773969430292,0.8930536811690797,0.651227420101899,0.48246118911019253,0.49301305285690483,0.48336411315457417,0.9180176007410839,0.0,0.0040961622554703606
Sepsis_Case,lstm,baseline,0.5,0.1,42,368,5525,552,15,18,128,14,True,14.5,0.0004631773969430292,0.9435830622041816,0.6697545159796202,0.47542939217251695,0.5040668135524523,0.47067916400019566,0.9277443260768874,0.0,0.031482941774291645
Sepsis_Case,lstm,baseline_mask,0.5,0.1,42,368,5525,552,15,18,128,14,True,14.5,0.0004631773969430292,0.9435830622041816,0.6697545159796202,0.47542939217251695,0.5040668135524523,0.47067916400019566,0.9282075034738305,0.0,0.0
Sepsis_Case,lstm,checker,0.5,0.1,42,368,5525,552,15,18,128,14,True,14.99,0.0004631773969430292,0.9353639179493002,0.6688281611857342,0.4726153139413787,0.4896440622826806,0.46871284671803737,0.9235757295044001,0.0,0.02252064113414166
Sepsis_Case,lstm,embedder,0.5,0.1,42,368,5525,552,15,18,128,20,True,602.51,0.0004631773969430292,0.9613002973223461,0.6521537748957851,0.46616216393420795,0.5097560189542178,0.4777913341528223,0.9096804075961094,0.0,0.03145684290982717
Sepsis_Case,lstm,baseline,0.5,0.25,42,368,5525,1381,15,18,128,17,True,17.28,0.0009263547938860583,1.0889464038673955,0.6697545159796202,0.487186851682567,0.5084897082733764,0.4791034001343061,0.920796665122742,0.0004631773969430292,0.08022770519925246
Sepsis_Case,lstm,baseline_mask,0.5,0.25,42,368,5525,1381,15,18,128,17,True,17.28,0.0009263547938860583,1.0889464038673955,0.6697545159796202,0.48788459657601485,0.5099183889155905,0.4791034001343061,0.9226493747105141,0.0,0.0
Sepsis_Case,lstm,checker,0.5,0.25,42,368,5525,1381,15,18,128,23,True,22.1,0.0009263547938860583,1.054213996947281,0.666975451597962,0.48603693103321277,0.49821682826261215,0.4816322058222865,0.9170912459471978,0.0,0.05629471688945021
Sepsis_Case,lstm,embedder,0.5,0.25,42,368,5525,1381,15,18,128,23,True,660.53,0.0004631773969430292,1.137759630522169,0.6387216303844372,0.4675768352685564,0.4915290505330572,0.473912073748895,0.9036591014358499,0.0,0.07707511105295572
Sepsis_Case,lstm,baseline,0.5,0.4,42,368,5525,2210,15,18,128,22,True,21.16,0.0004631773969430292,1.2656659209766892,0.6771653543307087,0.4779404321441755,0.5058348973756687,0.4744601857816899,0.9152385363594256,0.0004631773969430292,0.125221700525328
Sepsis_Case,lstm,baseline_mask,0.5,0.4,42,368,5525,2210,15,18,128,22,True,21.16,0.0004631773969430292,1.2656659209766892,0.6776285317276517,0.47875377109311007,0.5059120641972386,0.4759482810197852,0.9170912459471978,0.0,0.0
Sepsis_Case,lstm,checker,0.5,0.4,42,368,5525,2210,15,18,128,19,True,18.81,0.0009263547938860583,1.2209960315557695,0.6697545159796202,0.4693991736480738,0.5489215167105497,0.46637901080999133,0.9180176007410839,0.0004631773969430292,0.08972143118527268
Sepsis_Case,lstm,embedder,0.5,0.4,42,368,5525,2210,15,18,128,9,True,262.42,0.0009263547938860583,1.340977953671857,0.6377952755905512,0.45684585990170806,0.47770782587068816,0.45432880190360786,0.889763779527559,0.0004631773969430292,0.12053016449647018
Sepsis_Case,lstm,baseline,0.25,0.0,42,184,2724,0,15,18,128,21,True,8.0,0.0009263547938860583,0.9141539679240607,0.666975451597962,0.47730926639307425,0.4984854828290149,0.4710409335081254,0.9258916164891153,0.0004631773969430292,0.005970631688125794
Sepsis_Case,lstm,baseline_mask,0.25,0.0,42,184,2724,0,15,18,128,21,True,8.0,0.0009263547938860583,0.9141539679240607,0.667438628994905,0.4781196245271091,0.49855284809847594,0.47252902874622066,0.9258916164891153,0.0,0.0
Sepsis_Case,lstm,checker,0.25,0.0,42,184,2724,0,15,18,128,21,True,8.13,0.0009263547938860583,0.916093788305992,0.6739231125521075,0.4832742857731736,0.5069967556111655,0.4760109493439246,0.9272811486799444,0.0004631773969430292,0.004689390760414637
Sepsis_Case,lstm,embedder,0.25,0.0,42,184,2724,0,15,18,128,26,False,259.56,0.0009263547938860583,0.9416978985361061,0.6535433070866141,0.4710724871708634,0.4936005414263328,0.47495937880009725,0.9078276980083372,0.0,0.005403578352578237
Sepsis_Case,lstm,baseline,0.25,0.1,42,184,2724,272,15,18,128,21,True,8.59,0.0018527095877721167,0.9885218462606115,0.6600277906438166,0.4729898194352218,0.5019874841068666,0.4668300340100433,0.9115331171838814,0.0,0.03125223844049429
Sepsis_Case,lstm,baseline_mask,0.25,0.1,42,184,2724,272,15,18,128,21,True,8.59,0.0018527095877721167,0.9885218462606115,0.6600277906438166,0.4729898194352218,0.5019874841068666,0.4668300340100433,0.9119962945808244,0.0,0.0
Sepsis_Case,lstm,checker,0.25,0.1,42,184,2724,272,15,18,128,29,False,11.1,0.0018527095877721167,0.97470598454937,0.6628068550254748,0.47609456993359656,0.4995109111680739,0.4700484934714584,0.9170912459471978,0.0,0.020946511778775163
Sepsis_Case,lstm,embedder,0.25,0.1,42,184,2724,272,15,18,128,28,False,286.32,0.0018527095877721167,1.0094064003121472,0.6544696618805003,0.4676098930631548,0.49508915381996255,0.4640010391455245,0.8999536822603057,0.0,0.03443358628223372
Sepsis_Case,lstm,baseline,0.25,0.25,42,184,2724,681,15,18,128,19,True,8.18,0.0018527095877721167,1.1167430409461936,0.6498378879110699,0.47430075671800404,0.49440319790483034,0.46684415045082034,0.9143121815655396,0.0,0.0736508672093285
Sepsis_Case,lstm,baseline_mask,0.25,0.25,42,184,2724,681,15,18,128,19,True,8.18,0.0018527095877721167,1.1167430409461936,0.6498378879110699,0.47430075671800404,0.49440319790483034,0.46684415045082034,0.9147753589624826,0.0,0.0
Sepsis_Case,lstm,checker,0.25,0.25,42,184,2724,681,15,18,128,21,True,8.78,0.0018527095877721167,1.0851417848941296,0.6591014358499305,0.47742071395163466,0.4972915174467002,0.4694364679819115,0.9221861973135711,0.0,0.05398546457946328
Sepsis_Case,lstm,embedder,0.25,0.25,42,184,2724,681,15,18,128,27,False,280.26,0.0009263547938860583,1.1505493793072332,0.6382584529874942,0.4673013964124246,0.4882287441143377,0.46459423692051727,0.8953219082908754,0.0004631773969430292,0.07254760173348267
Sepsis_Case,lstm,baseline,0.25,0.4,42,184,2724,1090,15,18,128,21,True,9.0,0.005094951366373321,1.2865940180571336,0.6498378879110699,0.4617016990184403,0.49613496131030455,0.4532791885891283,0.8962482630847615,0.0013895321908290875,0.1150059731519294
Sepsis_Case,lstm,baseline_mask,0.25,0.4,42,184,2724,1090,15,18,128,21,True,9.0,0.005094951366373321,1.2865940180571336,0.650301065308013,0.4625843753616513,0.49615976849991605,0.45476728382722353,0.9069013432144511,0.0,0.0
Sepsis_Case,lstm,checker,0.25,0.4,42,184,2724,1090,15,18,128,21,True,8.93,0.005094951366373321,1.2551631741967673,0.6498378879110699,0.45689305002614544,0.4869146320760363,0.45044519672544814,0.9008800370541917,0.0004631773969430292,0.08241067018537623
Sepsis_Case,lstm,embedder,0.25,0.4,42,184,2724,1090,15,18,128,21,True,239.4,0.0041685965724872626,1.3366749468861272,0.6299212598425197,0.45179909959664455,0.4969786116655938,0.4504445562616666,0.8865215377489578,0.0009263547938860583,0.10805624807292304
Sepsis_Case,lstm,baseline,0.125,0.0,42,92,1271,0,15,18,128,26,False,5.18,0.0018527095877721167,0.9992071613772924,0.6465956461324688,0.46831998123320634,0.48429699303378615,0.46267545768020657,0.9064381658175081,0.0004631773969430292,0.009192973506887542
Sepsis_Case,lstm,baseline_mask,0.125,0.0,42,92,1271,0,15,18,128,26,False,5.18,0.0018527095877721167,0.9992071613772924,0.6470588235294118,0.469131333111816,0.4843745254194449,0.4641635529183018,0.9073645206113942,0.0,0.0
Sepsis_Case,lstm,checker,0.125,0.0,42,92,1271,0,15,18,128,28,False,5.17,0.0018527095877721167,1.0044178788227967,0.6521537748957851,0.4720288448311717,0.48988866696686084,0.46495470181995086,0.8994905048633627,0.0004631773969430292,0.007040080330979498
Sepsis_Case,lstm,embedder,0.125,0.0,42,92,1271,0,15,18,128,27,False,109.55,0.0018527095877721167,1.0414035120403506,0.6359425660027791,0.46678218167283675,0.4905431956803283,0.4605542439420127,0.8906901343214451,0.0004631773969430292,0.010556002895487106
Sepsis_Case,lstm,baseline,0.125,0.1,42,92,1271,127,15,18,128,25,True,5.2,0.0018527095877721167,1.0712324657502026,0.651227420101899,0.4617504593837294,0.47938178193868286,0.45991925127578814,0.8962482630847615,0.0013895321908290875,0.0386588018423791
Sepsis_Case,lstm,baseline_mask,0.125,0.1,42,92,1271,127,15,18,128,25,True,5.2,0.0018527095877721167,1.0712324657502026,0.6516905974988421,0.46366492595514813,0.4817990230977794,0.4614073465138834,0.8990273274664197,0.0,0.0
Sepsis_Case,lstm,checker,0.125,0.1,42,92,1271,127,15,18,128,24,True,5.21,0.0018527095877721167,1.052329207858094,0.650301065308013,0.4606644966318625,0.4919174703721101,0.45371482327706264,0.9059749884205651,0.0004631773969430292,0.028264412604662323
Sepsis_Case,lstm,embedder,0.125,0.1,42,92,1271,127,15,18,128,27,False,108.89,0.0018527095877721167,1.0993063159428464,0.6470588235294118,0.45913117089028754,0.47565557437639816,0.4579027561859134,0.8814265863825845,0.0013895321908290875,0.039778017567064325
Sepsis_Case,lstm,baseline,0.125,0.25,42,92,1271,318,15,18,128,20,True,4.37,0.002779064381658175,1.2389200271528702,0.6313107920333487,0.4419911508676587,0.48331797257775333,0.4405520302642192,0.8758684576192681,0.0009263547938860583,0.06678693493955
Sepsis_Case,lstm,baseline_mask,0.125,0.25,42,92,1271,318,15,18,128,20,True,4.37,0.002779064381658175,1.2389200271528702,0.6317739694302918,0.4434047520827522,0.48443864918884627,0.4420401255023144,0.8777211672070403,0.0,0.0
Sepsis_Case,lstm,checker,0.125,0.25,42,92,1271,318,15,18,128,20,True,4.24,0.002779064381658175,1.2160302462981993,0.6252894858730894,0.43687358919992986,0.4577404992857062,0.43382928330898984,0.8795738767948124,0.0009263547938860583,0.048266151972587816
Sepsis_Case,lstm,embedder,0.125,0.25,42,92,1271,318,15,18,128,26,False,106.16,0.0013895321908290875,1.2605812952660918,0.6095414543770264,0.4335944435432053,0.44786383305521343,0.4336064508738893,0.8656785548865216,0.0004631773969430292,0.06513104195593959
Sepsis_Case,lstm,baseline,0.125,0.4,42,92,1271,508,15,18,128,26,False,5.06,0.002779064381658175,1.3856016638765958,0.6266790180639185,0.460822714923171,0.4724176373391459,0.4577609882969209,0.8628994905048634,0.00555812876331635,0.1307938167650206
Sepsis_Case,lstm,baseline_mask,0.125,0.4,42,92,1271,508,15,18,128,26,False,5.06,0.002779064381658175,1.3856016638765958,0.6303844372394627,0.4642036748558637,0.47513360660861925,0.4616430394116336,0.872626215840667,0.0,0.0
Sepsis_Case,lstm,checker,0.125,0.4,42,92,1271,508,15,18,128,20,True,4.5,0.002779064381658175,1.3386005297365318,0.6113941639647985,0.4453213888483103,0.4653920885879101,0.44211227086846905,0.8670680870773506,0.0018527095877721167,0.0965130007331876
Sepsis_Case,lstm,embedder,0.125,0.4,42,92,1271,508,15,18,128,28,False,110.72,0.002779064381658175,1.428504968583998,0.6215840666975452,0.4524852450627517,0.46294330723481447,0.4543271213170807,0.8369615562760537,0.0037054191755442334,0.12565435763170676
BPIC_2020_DomesticDeclarations,gru,baseline,1.0,0.0,42,7350,39432,0,10,18,43,13,True,43.41,0.0,0.32253991055687337,0.8869320183163085,0.42216795931312745,0.4504094817983649,0.4305392970504824,0.9853234707056475,0.0,0.0007925246451502746
BPIC_2020_DomesticDeclarations,gru,baseline_mask,1.0,0.0,42,7350,39432,0,10,18,43,13,True,43.41,0.0,0.32253991055687337,0.8869320183163085,0.42216795931312745,0.4504094817983649,0.4305392970504824,0.9853234707056475,0.0,0.0
BPIC_2020_DomesticDeclarations,gru,checker,1.0,0.0,42,7350,39432,0,10,18,43,13,True,43.85,0.0,0.3226152498201122,0.8869320183163085,0.42216795931312745,0.4504094817983649,0.4305392970504824,0.9853234707056475,0.0,0.0005464048895798886
BPIC_2020_DomesticDeclarations,gru,embedder,1.0,0.0,42,7350,39432,0,10,18,43,5,True,593.38,0.0,0.5637057659224863,0.8621580368674416,0.4131060221853052,0.4482188927611924,0.41822723329295214,0.971938475989198,0.024539156980157333,0.10176916498928348
BPIC_2020_DomesticDeclarations,gru,baseline,1.0,0.1,42,7350,39432,3943,10,18,43,2,True,17.19,0.0,0.4084916461363664,0.8841141246917928,0.40078185823175067,0.38787124865579653,0.41767169518958075,0.9810966302688741,0.0,0.06857491970618622
BPIC_2020_DomesticDeclarations,gru,baseline_mask,1.0,0.1,42,7350,39432,3943,10,18,43,2,True,17.19,0.0,0.4084916461363664,0.8841141246917928,0.40078185823175067,0.38787124865579653,0.41767169518958075,0.9814488669719384,0.0,0.0
BPIC_2020_DomesticDeclarations,gru,checker,1.0,0.1,42,7350,39432,3943,10,18,43,2,True,17.3,0.0,0.3855898607304864,0.8841141246917928,0.40078185823175067,0.38787124865579653,0.41767169518958075,0.9815662792062932,0.0,0.04617175427057156
BPIC_2020_DomesticDeclarations,gru,embedder,1.0,0.1,42,7350,39432,3943,10,18,43,6,True,653.29,0.0,0.7574319995120053,0.6570388634495714,0.35075048141920234,0.43811926907435744,0.3848486798481104,0.959610191381942,0.10696254549724081,0.21067805794345754
BPIC_2020_DomesticDeclarations,gru,baseline,1.0,0.25,42,7350,39432,9858,10,18,43,11,True,38.82,0.0,0.5577587169339515,0.8864623693788892,0.41907393613368304,0.4487499001083147,0.4282358790754226,0.9841493483620993,0.0,0.18728278534987924
BPIC_2020_DomesticDeclarations,gru,baseline_mask,1.0,0.25,42,7350,39432,9858,10,18,43,11,True,38.82,0.0,0.5577587169339515,0.8864623693788892,0.41907393613368304,0.4487499001083147,0.4282358790754226,0.9850886462369379,0.0,0.0
BPIC_2020_DomesticDeclarations,gru,checker,1.0,0.25,42,7350,39432,9858,10,18,43,11,True,39.3,0.0,0.48723187412442465,0.8864623693788892,0.41907393613368304,0.4487499001083147,0.4282358790754226,0.984971234002583,0.0,0.12850338942822373
BPIC_2020_DomesticDeclarations,gru,embedder,1.0,0.25,42,7350,39432,9858,10,18,43,5,True,588.56,0.0,0.909668200758123,0.723141951391335,0.3557671915699287,0.38434664847912875,0.36317208724925015,0.9685335211929083,0.11870376893272279,0.2930721567629424
BPIC_2020_DomesticDeclarations,gru,baseline,1.0,0.4,42,7350,39432,15773,10,18,43,8,True,31.54,0.0,0.7645984325832194,0.8848185980979218,0.40237497782447285,0.45953593807729193,0.41854209205567594,0.9794528589879066,0.0,0.31340341007358186
BPIC_2020_DomesticDeclarations,gru,baseline_mask,1.0,0.4,42,7350,39432,15773,10,18,43,8,True,31.54,0.0,0.7645984325832194,0.8848185980979218,0.40237497782447285,0.45953593807729193,0.41854209205567594,0.9850886462369379,0.0,0.0
BPIC_2020_DomesticDeclarations,gru,checker,1.0,0.4,42,7350,39432,15773,10,18,43,7,True,29.47,0.0,0.6450761416799042,0.8849360103322766,0.4025734923960097,0.4595680247382596,0.41889745808268375,0.984971234002583,0.0,0.22584742418236334
BPIC_2020_DomesticDeclarations,gru,embedder,1.0,0.4,42,7350,39432,15773,10,18,43,7,True,704.06,0.0,1.113188803272935,0.6552776799342491,0.33470256513205016,0.39501442191381064,0.3751084201078506,0.9560878243512974,0.10696254549724081,0.3852624826179615
BPIC_2020_DomesticDeclarations,gru,baseline,0.5,0.0,42,3675,19769,0,10,18,43,11,True,22.8,0.0,0.3243050319397969,0.8868146060819537,0.42196943087039507,0.45037735954183,0.4301839310234746,0.9848538217682282,0.0,0.0012197770914835952
BPIC_2020_DomesticDeclarations,gru,baseline_mask,0.5,0.0,42,3675,19769,0,10,18,43,11,True,22.8,0.0,0.3243050319397969,0.8868146060819537,0.42196943087039507,0.45037735954183,0.4301839310234746,0.984971234002583,0.0,0.0
BPIC_2020_DomesticDeclarations,gru,checker,0.5,0.0,42,3675,19769,0,10,18,43,11,True,23.05,0.0,0.32404723530771923,0.8868146060819537,0.42196943087039507,0.45037735954183,0.4301839310234746,0.984971234002583,0.0,0.0008202658726874111
BPIC_2020_DomesticDeclarations,gru,embedder,0.5,0.0,42,3675,19769,0,10,18,43,8,True,396.47,0.0,0.5749502142816275,0.7819654808030997,0.39786535504269754,0.44568320512884274,0.4284729674648596,0.9713514148174239,0.02571327932370553,0.09952560408869525
BPIC_2020_DomesticDeclarations,gru,baseline,0.5,0.1,42,3675,19769,1977,10,18,43,11,True,22.59,0.0,0.4099154876013856,0.8865797816132441,0.4192724645764154,0.4487820223648496,0.4285912451024304,0.9848538217682282,0.0,0.07428437831103137
BPIC_2020_DomesticDeclarations,gru,baseline_mask,0.5,0.1,42,3675,19769,1977,10,18,43,11,True,22.59,0.0,0.4099154876013856,0.8865797816132441,0.4192724645764154,0.4487820223648496,0.4285912451024304,0.9850886462369379,0.0,0.0
BPIC_2020_DomesticDeclarations,gru,checker,0.5,0.1,42,3675,19769,1977,10,18,43,11,True,22.49,0.0,0.38301046630565555,0.8864623693788892,0.41907393613368304,0.4487499001083147,0.4282358790754226,0.9848538217682282,0.0,0.04946061116758613
BPIC_2020_DomesticDeclarations,gru,embedder,0.5,0.1,42,3675,19769,1977,10,18,43,1,True,181.07,0.0,0.7359810686173035,0.7762122813197135,0.37896083854699364,0.40291262087041474,0.4150393609134388,0.9551485264764589,0.02618292826112481,0.1875671607844494
BPIC_2020_DomesticDeclarations,gru,baseline,0.5,0.25,42,3675,19769,4942,10,18,43,9,True,20.02,0.0,0.5602299330925121,0.8863449571445344,0.4180791663363817,0.4480935595982956,0.427586528426072,0.9837971116590348,0.0,0.1854893014952934
BPIC_2020_DomesticDeclarations,gru,baseline_mask,0.5,0.25,42,3675,19769,4942,10,18,43,9,True,20.02,0.0,0.5602299330925121,0.8863449571445344,0.4180791663363817,0.4480935595982956,0.427586528426072,0.9852060584712927,0.0,0.0
BPIC_2020_DomesticDeclarations,gru,checker,0.5,0.25,42,3675,19769,4942,10,18,43,9,True,20.18,0.0,0.49089949302050767,0.8862275449101796,0.4170690109003461,0.4473635388651148,0.42693717777672135,0.9847364095338734,0.0,0.12746249177974617
BPIC_2020_DomesticDeclarations,gru,embedder,0.5,0.25,42,3675,19769,4942,10,18,43,6,True,331.56,0.0,0.9147280900988121,0.6020899377715158,0.30660829047395793,0.39441291342872625,0.3538596586842426,0.955735587648233,0.16026769989432899,0.29270620869613245
BPIC_2020_DomesticDeclarations,gru,baseline,0.5,0.4,42,3675,19769,7908,10,18,43,8,True,18.63,0.0,0.7551377056713492,0.8847011858635669,0.4010710121671284,0.388078131824766,0.4178927414063253,0.9840319361277445,0.0,0.30638571540360665
BPIC_2020_DomesticDeclarations,gru,baseline_mask,0.5,0.4,42,3675,19769,7908,10,18,43,8,True,18.63,0.0,0.7551377056713492,0.8847011858635669,0.4010710121671284,0.388078131824766,0.4178927414063253,0.9850886462369379,0.0,0.0
BPIC_2020_DomesticDeclarations,gru,checker,0.5,0.4,42,3675,19769,7908,10,18,43,8,True,18.78,0.0,0.6390076055344217,0.8842315369261478,0.4010312247504655,0.387904256701622,0.4180157438307678,0.9850886462369379,0.0,0.22156108409477762
BPIC_2020_DomesticDeclarations,gru,embedder,0.5,0.4,42,3675,19769,7908,10,18,43,11,True,475.73,0.0,1.1289753212368348,0.6013854643653869,0.3061608746952783,0.3944405382887841,0.3535780743027897,0.9546788775390396,0.1609721733004579,0.40581727588807975
BPIC_2020_DomesticDeclarations,gru,baseline,0.25,0.0,42,1838,9966,0,10,18,43,15,True,17.85,0.0,0.32520624196374026,0.8864623693788892,0.41907393613368304,0.4487499001083147,0.4282358790754226,0.9848538217682282,0.0,0.002028957649251212
BPIC_2020_DomesticDeclarations,gru,baseline_mask,0.25,0.0,42,1838,9966,0,10,18,43,15,True,17.85,0.0,0.32520624196374026,0.8864623693788892,0.41907393613368304,0.4487499001083147,0.4282358790754226,0.9850886462369379,0.0,0.0
BPIC_2020_DomesticDeclarations,gru,checker,0.25,0.0,42,1838,9966,0,10,18,43,15,True,17.96,0.0,0.32445203013664764,0.8864623693788892,0.41907393613368304,0.4487499001083147,0.4282358790754226,0.984971234002583,0.0,0.0013623215499153284
BPIC_2020_DomesticDeclarations,gru,embedder,0.25,0.0,42,1838,9966,0,10,18,43,1,True,93.39,0.0003522367030644593,0.5512892600025133,0.8765997416930844,0.38927791672947487,0.3865487844469884,0.39899246634769325,0.9643066807561348,0.007162146295644006,0.0865325373712806
BPIC_2020_DomesticDeclarations,gru,baseline,0.25,0.1,42,1838,9966,997,10,18,43,8,True,11.7,0.0,0.4119497511719151,0.8842315369261478,0.4009800468029283,0.3879024892365866,0.41802706121658856,0.9840319361277445,0.0,0.07036117873967807
BPIC_2020_DomesticDeclarations,gru,baseline_mask,0.25,0.1,42,1838,9966,997,10,18,43,8,True,11.7,0.0,0.4119497511719151,0.8842315369261478,0.4009800468029283,0.3879024892365866,0.41802706121658856,0.9845015850651638,0.0,0.0
BPIC_2020_DomesticDeclarations,gru,checker,0.25,0.1,42,1838,9966,997,10,18,43,9,True,12.69,0.0,0.3890006721642595,0.8842315369261478,0.4009800468029283,0.3879024892365866,0.41802706121658856,0.9847364095338734,0.0,0.04991846176727537
BPIC_2020_DomesticDeclarations,gru,embedder,0.25,0.1,42,1838,9966,997,10,18,43,5,True,154.41,0.0,0.7255706625868208,0.6875660443818246,0.3506399084524036,0.40158447674441994,0.3814021774174157,0.955735587648233,0.11694258541740049,0.19200453670095974
BPIC_2020_DomesticDeclarations,gru,baseline,0.25,0.25,42,1838,9966,2492,10,18,43,11,True,14.27,0.0,0.5429139105355753,0.8848185980979218,0.401272977076413,0.3881113792360399,0.4182481074333331,0.98367969942468,0.0,0.17604666102222255
BPIC_2020_DomesticDeclarations,gru,baseline_mask,0.25,0.25,42,1838,9966,2492,10,18,43,11,True,14.27,0.0,0.5429139105355753,0.8848185980979218,0.401272977076413,0.3881113792360399,0.4182481074333331,0.9848538217682282,0.0,0.0
BPIC_2020_DomesticDeclarations,gru,checker,0.25,0.25,42,1838,9966,2492,10,18,43,11,True,14.13,0.0,0.4794531487741142,0.8848185980979218,0.401272977076413,0.3881113792360399,0.4182481074333331,0.9846189972995186,0.0,0.12202279656527117
BPIC_2020_DomesticDeclarations,gru,embedder,0.25,0.25,42,1838,9966,2492,10,18,43,6,True,170.4,0.0,0.8665056809777734,0.7373488317482682,0.3601171417608592,0.3955621309816465,0.4079256919621303,0.9558529998825878,0.024539156980157333,0.2823579187710632
BPIC_2020_DomesticDeclarations,gru,baseline,0.25,0.4,42,1838,9966,3986,10,18,43,5,True,8.79,0.0,0.7550147978005672,0.8836444757543737,0.40058605268687464,0.38771485525448884,0.4174858043075285,0.9799225079253259,0.0,0.30231074787115597
BPIC_2020_DomesticDeclarations,gru,baseline_mask,0.25,0.4,42,1838,9966,3986,10,18,43,5,True,8.79,0.0,0.7550147978005672,0.8836444757543737,0.40058605268687464,0.38771485525448884,0.4174858043075285,0.9845015850651638,0.0,0.0
BPIC_2020_DomesticDeclarations,gru,checker,0.25,0.4,42,1838,9966,3986,10,18,43,5,True,8.89,0.0,0.6365520243943122,0.8836444757543737,0.40058605268687464,0.38771485525448884,0.4174858043075285,0.9827404015498415,0.0,0.21755124543689291
BPIC_2020_DomesticDeclarations,gru,embedder,0.25,0.4,42,1838,9966,3986,10,18,43,20,True,388.4,0.0,1.1091553474292797,0.646236937888928,0.3417788047014701,0.4421457652555606,0.3730097632023424,0.9578490078666198,0.16026769989432899,0.39426536792472616
BPIC_2020_DomesticDeclarations,gru,baseline,0.125,0.0,42,919,4987,0,10,18,43,18,True,14.31,0.0,0.3289961045065774,0.8864623693788892,0.4190740085895525,0.4487399802849869,0.4282358790754226,0.9843841728308089,0.00011741223435481978,0.002506199569572706
BPIC_2020_DomesticDeclarations,gru,baseline_mask,0.125,0.0,42,919,4987,0,10,18,43,18,True,14.31,0.0,0.3289961045065774,0.8864623693788892,0.4190943406621336,0.4487802631270921,0.4282358790754226,0.984971234002583,0.0,0.0
BPIC_2020_DomesticDeclarations,gru,checker,0.125,0.0,42,919,4987,0,10,18,43,18,True,14.38,0.0,0.32848496776910907,0.8864623693788892,0.4190740085895525,0.4487399802849869,0.4282358790754226,0.9842667605964541,0.00011741223435481978,0.0017592100335740615
BPIC_2020_DomesticDeclarations,gru,embedder,0.125,0.0,42,919,4987,0,10,18,43,8,True,104.06,0.0,0.584117588868678,0.7772689914289069,0.3703452323470984,0.38796504848695684,0.3749647306692128,0.9584360690383938,0.10707995773159563,0.11653461208698461
BPIC_2020_DomesticDeclarations,gru,baseline,0.125,0.1,42,919,4987,499,10,18,43,12,True,10.65,0.0,0.4166397835092252,0.8847011858635669,0.40101841674852573,0.3880707512424166,0.417904058792146,0.9834448749559704,0.0,0.07669751933357365
BPIC_2020_DomesticDeclarations,gru,baseline_mask,0.125,0.1,42,919,4987,499,10,18,43,12,True,10.65,0.0,0.4166397835092252,0.8847011858635669,0.40101841674852573,0.3880707512424166,0.417904058792146,0.9843841728308089,0.0,0.0
BPIC_2020_DomesticDeclarations,gru,checker,0.125,0.1,42,919,4987,499,10,18,43,12,True,10.75,0.0,0.3907465131346911,0.8847011858635669,0.40101841674852573,0.3880707512424166,0.417904058792146,0.9843841728308089,0.0,0.05224518844584659
BPIC_2020_DomesticDeclarations,gru,embedder,0.125,0.1,42,919,4987,499,10,18,43,9,True,113.09,0.0,0.6624260069661344,0.8836444757543737,0.40074608434362224,0.38794948537960167,0.4174858043075285,0.9573793589292005,0.0,0.17552169070594312
BPIC_2020_DomesticDeclarations,gru,baseline,0.125,0.25,42,919,4987,1247,10,18,43,6,True,7.02,0.0,0.5862768902610106,0.8836444757543737,0.40059450338367913,0.38771246208220556,0.4174858043075285,0.9805095690971,0.0,0.2017404574634492
BPIC_2020_DomesticDeclarations,gru,baseline_mask,0.125,0.25,42,919,4987,1247,10,18,43,6,True,7.02,0.0,0.5862768902610106,0.8836444757543737,0.40059450338367913,0.38771246208220556,0.4174858043075285,0.9830926382529059,0.0,0.0
BPIC_2020_DomesticDeclarations,gru,checker,0.125,0.25,42,919,4987,1247,10,18,43,6,True,7.04,0.0,0.5128434752163871,0.8836444757543737,0.40059450338367913,0.38771246208220556,0.4174858043075285,0.9827404015498415,0.0,0.1416604141103867
BPIC_2020_DomesticDeclarations,gru,embedder,0.125,0.25,42,919,4987,1247,10,18,43,6,True,87.06,0.0,0.92729751624537,0.7476811083714923,0.3563326416181206,0.4028940499157577,0.41187139638982867,0.9673593988493601,0.0007044734061289186,0.27291756411372486
BPIC_2020_DomesticDeclarations,gru,baseline,0.125,0.4,42,919,4987,1995,10,18,43,3,True,5.19,0.0009392978748385582,0.8132133197235756,0.8820007044734062,0.39904383968329515,0.3871480576185757,0.41502501207220466,0.9809792180345192,0.0016437712809674767,0.32907470096035213
BPIC_2020_DomesticDeclarations,gru,baseline_mask,0.125,0.4,42,919,4987,1995,10,18,43,3,True,5.19,0.0009392978748385582,0.8132133197235756,0.8836444757543737,0.40058605268687464,0.38771485525448884,0.4174858043075285,0.9827404015498415,0.0,0.0
BPIC_2020_DomesticDeclarations,gru,checker,0.125,0.4,42,919,4987,1995,10,18,43,18,True,14.39,0.0,0.6400294745627656,0.8847011858635669,0.4010214506013742,0.38807069845492076,0.417904058792146,0.9847364095338734,0.0,0.2131380151383849
BPIC_2020_DomesticDeclarations,gru,embedder,0.125,0.4,42,919,4987,1995,10,18,43,3,True,63.18,0.0,1.1619973312007075,0.5268286955500763,0.2891353630338787,0.4108418870975584,0.3059234040306272,0.9652459786309734,0.13995538335094518,0.39701870464867123
BPIC_2020_DomesticDeclarations,lstm,baseline,1.0,0.0,42,7350,39432,0,10,18,43,5,True,25.24,0.0,0.3232712530118417,0.8869320183163085,0.42216795931312745,0.4504094817983649,0.4305392970504824,0.9853234707056475,0.0,0.0011471884153441934
BPIC_2020_DomesticDeclarations,lstm,baseline_mask,1.0,0.0,42,7350,39432,0,10,18,43,5,True,25.24,0.0,0.3232712530118417,0.8869320183163085,0.42216795931312745,0.4504094817983649,0.4305392970504824,0.9853234707056475,0.0,0.0
BPIC_2020_DomesticDeclarations,lstm,checker,1.0,0.0,42,7350,39432,0,10,18,43,5,True,25.49,0.0,0.32292102935995254,0.8869320183163085,0.42216795931312745,0.4504094817983649,0.4305392970504824,0.9850886462369379,0.0,0.0007437956829701751
BPIC_2020_DomesticDeclarations,lstm,embedder,1.0,0.0,42,7350,39432,0,10,18,43,1,True,361.86,0.0,0.6167306092698851,0.8828225901138899,0.40044192425432396,0.3877120844851277,0.4171982827434112,0.9563226488200071,0.0008218856404837384,0.1149618302992326
BPIC_2020_DomesticDeclarations,lstm,baseline,1.0,0.1,42,7350,39432,3943,10,18,43,6,True,27.77,0.0,0.40531806927885095,0.8864623693788892,0.41907393613368304,0.4487499001083147,0.4282358790754226,0.9848538217682282,0.0,0.07012533098179312
BPIC_2020_DomesticDeclarations,lstm,baseline_mask,1.0,0.1,42,7350,39432,3943,10,18,43,6,True,27.77,0.0,0.40531806927885095,0.8864623693788892,0.41907393613368304,0.4487499001083147,0.4282358790754226,0.9850886462369379,0.0,0.0
BPIC_2020_DomesticDeclarations,lstm,checker,1.0,0.1,42,7350,39432,3943,10,18,43,6,True,27.98,0.0,0.3810306565644274,0.8864623693788892,0.41907393613368304,0.4487499001083147,0.4282358790754226,0.984971234002583,0.0,0.04694382170274516
BPIC_2020_DomesticDeclarations,lstm,embedder,1.0,0.1,42,7350,39432,3943,10,18,43,2,True,425.92,0.0,0.7500646671135268,0.7564870259481038,0.36254838290321967,0.39329957663377707,0.41590444672617816,0.955735587648233,0.0,0.18620287267005933
BPIC_2020_DomesticDeclarations,lstm,baseline,1.0,0.25,42,7350,39432,9858,10,18,43,10,True,37.76,0.0,0.5659885135519402,0.8865797816132441,0.4192724645764154,0.4487820223648496,0.4285912451024304,0.9846189972995186,0.0,0.1926595365880758
BPIC_2020_DomesticDeclarations,lstm,baseline_mask,1.0,0.25,42,7350,39432,9858,10,18,43,10,True,37.76,0.0,0.5659885135519402,0.8865797816132441,0.4192724645764154,0.4487820223648496,0.4285912451024304,0.9850886462369379,0.0,0.0
BPIC_2020_DomesticDeclarations,lstm,checker,1.0,0.25,42,7350,39432,9858,10,18,43,10,True,38.04,0.0,0.49468520315541364,0.88599272044147,0.41826465065506546,0.4325952754186262,0.4283588814998652,0.984971234002583,0.0,0.13381802864277378
BPIC_2020_DomesticDeclarations,lstm,embedder,1.0,0.25,42,7350,39432,9858,10,18,43,1,True,362.28,0.0,0.9370724672552873,0.8104966537513209,0.38398717480241296,0.38298122845324806,0.394940304495169,0.955735587648233,0.02547845485499589,0.3086546547741513
BPIC_2020_DomesticDeclarations,lstm,baseline,1.0,0.4,42,7350,39432,15773,10,18,43,2,True,17.79,0.0,0.7779185263864504,0.8836444757543737,0.40058605268687464,0.38771485525448884,0.4174858043075285,0.9806269813314548,0.0,0.3157004226649523
BPIC_2020_DomesticDeclarations,lstm,baseline_mask,1.0,0.4,42,7350,39432,15773,10,18,43,2,True,17.79,0.0,0.7779185263864504,0.8836444757543737,0.40058605268687464,0.38771485525448884,0.4174858043075285,0.9832100504872607,0.0,0.0
BPIC_2020_DomesticDeclarations,lstm,checker,1.0,0.4,42,7350,39432,15773,10,18,43,2,True,17.97,0.0,0.6538309265473533,0.8836444757543737,0.40058605268687464,0.38771485525448884,0.4174858043075285,0.9826229893154866,0.0,0.22754967940851628
BPIC_2020_DomesticDeclarations,lstm,embedder,1.0,0.4,42,7350,39432,15773,10,18,43,10,True,889.13,0.0,1.1334231400050312,0.6016202888340965,0.30637408061040544,0.3950475899909343,0.3536737678021904,0.9574967711635552,0.16026769989432899,0.3922836946163209
BPIC_2020_DomesticDeclarations,lstm,baseline,0.5,0.0,42,3675,19769,0,10,18,43,22,True,39.33,0.0,0.32216032421671476,0.8869320183163085,0.42216795931312745,0.4504094817983649,0.4305392970504824,0.9853234707056475,0.0,0.00040957747801521167
BPIC_2020_DomesticDeclarations,lstm,baseline_mask,0.5,0.0,42,3675,19769,0,10,18,43,22,True,39.33,0.0,0.32216032421671476,0.8869320183163085,0.42216795931312745,0.4504094817983649,0.4305392970504824,0.9853234707056475,0.0,0.0
BPIC_2020_DomesticDeclarations,lstm,checker,0.5,0.0,42,3675,19769,0,10,18,43,22,True,39.66,0.0,0.32202602913643646,0.8869320183163085,0.42216795931312745,0.4504094817983649,0.4305392970504824,0.9850886462369379,0.0,0.0002498569390328103
BPIC_2020_DomesticDeclarations,lstm,embedder,0.5,0.0,42,3675,19769,0,10,18,43,5,True,308.3,0.0,0.6185114400213532,0.7077609486908536,0.3312886859776076,0.38799673758572745,0.3474901736626182,0.958905717975813,0.17670541270400375,0.1366949777438269
BPIC_2020_DomesticDeclarations,lstm,baseline,0.5,0.1,42,3675,19769,1977,10,18,43,17,True,32.07,0.0,0.4006769516888787,0.8866971938475989,0.42103913369563234,0.4499140258159437,0.4295345803741239,0.9848538217682282,0.0,0.06877878054519823
BPIC_2020_DomesticDeclarations,lstm,baseline_mask,0.5,0.1,42,3675,19769,1977,10,18,43,17,True,32.07,0.0,0.4006769516888787,0.8866971938475989,0.42103913369563234,0.4499140258159437,0.4295345803741239,0.9850886462369379,0.0,0.0
BPIC_2020_DomesticDeclarations,lstm,checker,0.5,0.1,42,3675,19769,1977,10,18,43,17,True,32.32,0.0,0.376313848787733,0.8865797816132441,0.4192724645764154,0.4487820223648496,0.4285912451024304,0.9848538217682282,0.0,0.04590301956551462
BPIC_2020_DomesticDeclarations,lstm,embedder,0.5,0.1,42,3675,19769,1977,10,18,43,2,True,215.18,0.0,0.7152950295375184,0.8042738053305154,0.3866947648973791,0.40219714293032055,0.4280513232781253,0.9556181754138782,0.0,0.18571342356407658
BPIC_2020_DomesticDeclarations,lstm,baseline,0.5,0.25,42,3675,19769,4942,10,18,43,5,True,14.79,0.0,0.5738194944769812,0.8841141246917928,0.40078185823175067,0.38787124865579653,0.41767169518958075,0.9805095690971,0.0,0.19523265785498842
BPIC_2020_DomesticDeclarations,lstm,baseline_mask,0.5,0.25,42,3675,19769,4942,10,18,43,5,True,14.79,0.0,0.5738194944769812,0.8841141246917928,0.40078185823175067,0.38787124865579653,0.41767169518958075,0.9830926382529059,0.0,0.0
BPIC_2020_DomesticDeclarations,lstm,checker,0.5,0.25,42,3675,19769,4942,10,18,43,5,True,14.91,0.0,0.5027975082621406,0.8841141246917928,0.40078185823175067,0.38787124865579653,0.41767169518958075,0.9826229893154866,0.0,0.13704512918710682
BPIC_2020_DomesticDeclarations,lstm,embedder,0.5,0.25,42,3675,19769,4942,10,18,43,2,True,210.98,0.0,0.914570418632519,0.7036515204884349,0.3284415609228871,0.3165160898162351,0.3443541034278911,0.9673593988493601,0.18022777973464835,0.309048425074235
BPIC_2020_DomesticDeclarations,lstm,baseline,0.5,0.4,42,3675,19769,7908,10,18,43,4,True,13.3,0.0,0.7810082882940175,0.8841141246917928,0.40078185823175067,0.38787124865579653,0.41767169518958075,0.9786309733474228,0.0,0.3175257441582388
BPIC_2020_DomesticDeclarations,lstm,baseline_mask,0.5,0.4,42,3675,19769,7908,10,18,43,4,True,13.3,0.0,0.7810082882940175,0.8841141246917928,0.40078185823175067,0.38787124865579653,0.41767169518958075,0.9827404015498415,0.0,0.0
BPIC_2020_DomesticDeclarations,lstm,checker,0.5,0.4,42,3675,19769,7908,10,18,43,4,True,13.46,0.0,0.6577673591021657,0.8841141246917928,0.40078185823175067,0.38787124865579653,0.41767169518958075,0.9825055770811318,0.0,0.22991158881734147
BPIC_2020_DomesticDeclarations,lstm,embedder,0.5,0.4,42,3675,19769,7908,10,18,43,8,True,391.08,0.0,1.1618219939730487,0.590935775507808,0.2988232768759076,0.3944177064849536,0.3494012393112372,0.955735587648233,0.17142186215803687,0.4046643655023287
BPIC_2020_DomesticDeclarations,lstm,baseline,0.25,0.0,42,1838,9966,0,10,18,43,18,True,21.1,0.0,0.3238976353054891,0.8869320183163085,0.42216795931312745,0.4504094817983649,0.4305392970504824,0.9852060584712927,0.0,0.001188913323660947
BPIC_2020_DomesticDeclarations,lstm,baseline_mask,0.25,0.0,42,1838,9966,0,10,18,43,18,True,21.1,0.0,0.3238976353054891,0.8869320183163085,0.42216795931312745,0.4504094817983649,0.4305392970504824,0.9853234707056475,0.0,0.0
BPIC_2020_DomesticDeclarations,lstm,checker,0.25,0.0,42,1838,9966,0,10,18,43,18,True,21.0,0.0,0.3235067334185747,0.8869320183163085,0.42216795931312745,0.4504094817983649,0.4305392970504824,0.9853234707056475,0.0,0.0007991961508762326
BPIC_2020_DomesticDeclarations,lstm,embedder,0.25,0.0,42,1838,9966,0,10,18,43,5,True,157.75,0.0,0.6018518974373175,0.8348009862627686,0.39054896321226273,0.3884663231298932,0.39796906079114913,0.9686509334272632,0.05036984853821768,0.12528144832478733
BPIC_2020_DomesticDeclarations,lstm,baseline,0.25,0.1,42,1838,9966,997,10,18,43,6,True,10.32,0.0,0.4178251336126718,0.8841141246917928,0.4007815908160654,0.38786044715672396,0.41767169518958075,0.982388164846777,0.00011741223435481978,0.07412533235389665
BPIC_2020_DomesticDeclarations,lstm,baseline_mask,0.25,0.1,42,1838,9966,997,10,18,43,6,True,10.32,0.0,0.4178251336126718,0.8841141246917928,0.40078185823175067,0.38787124865579653,0.41767169518958075,0.9832100504872607,0.0,0.0
BPIC_2020_DomesticDeclarations,lstm,checker,0.25,0.1,42,1838,9966,997,10,18,43,17,True,20.36,0.0,0.3781932090892749,0.8862275449101796,0.4170690109003461,0.4473635388651148,0.42693717777672135,0.9847364095338734,0.0,0.04516548435757582
BPIC_2020_DomesticDeclarations,lstm,embedder,0.25,0.1,42,1838,9966,997,10,18,43,6,True,172.74,0.0,0.7147911773176419,0.7800868850534226,0.38122860391537033,0.4020560909280226,0.4186920281450055,0.9569097099917812,0.024539156980157333,0.1753050222340304
BPIC_2020_DomesticDeclarations,lstm,baseline,0.25,0.25,42,1838,9966,2492,10,18,43,9,True,13.1,0.0,0.5702959920397888,0.8848185980979218,0.40122281928898923,0.3881022633032414,0.41825942481915385,0.9839145238933897,0.0,0.19326758446639675
BPIC_2020_DomesticDeclarations,lstm,baseline_mask,0.25,0.25,42,1838,9966,2492,10,18,43,9,True,13.1,0.0,0.5702959920397888,0.8848185980979218,0.40122281928898923,0.3881022633032414,0.41825942481915385,0.9850886462369379,0.0,0.0
BPIC_2020_DomesticDeclarations,lstm,checker,0.25,0.25,42,1838,9966,2492,10,18,43,9,True,13.14,0.0,0.500100673609697,0.8848185980979218,0.4012197478318623,0.38810221351868107,0.41825942481915385,0.9846189972995186,0.0,0.13512831865810404
BPIC_2020_DomesticDeclarations,lstm,embedder,0.25,0.25,42,1838,9966,2492,10,18,43,8,True,201.33,0.0,0.9027616763543226,0.7800868850534226,0.3812827461291528,0.4021412280429371,0.4186920281450055,0.9558529998825878,0.024539156980157333,0.28714055060164617
BPIC_2020_DomesticDeclarations,lstm,baseline,0.25,0.4,42,1838,9966,3986,10,18,43,5,True,9.34,0.0,0.7867602614487534,0.8836444757543737,0.40058605268687464,0.38771485525448884,0.4174858043075285,0.9840319361277445,0.0,0.3206475429815125
BPIC_2020_DomesticDeclarations,lstm,baseline_mask,0.25,0.4,42,1838,9966,3986,10,18,43,5,True,9.34,0.0,0.7867602614487534,0.8836444757543737,0.40058605268687464,0.38771485525448884,0.4174858043075285,0.9850886462369379,0.0,0.0
BPIC_2020_DomesticDeclarations,lstm,checker,0.25,0.4,42,1838,9966,3986,10,18,43,5,True,9.41,0.0,0.6601600091586416,0.8836444757543737,0.40058605268687464,0.38771485525448884,0.4174858043075285,0.9848538217682282,0.0,0.2316764456954685
BPIC_2020_DomesticDeclarations,lstm,embedder,0.25,0.4,42,1838,9966,3986,10,18,43,18,True,352.29,0.0,1.1239912878029557,0.6010332276623224,0.30608576599794174,0.395048029677525,0.3537475494477452,0.9572619466948457,0.1609721733004579,0.3946167883863748
BPIC_2020_DomesticDeclarations,lstm,baseline,0.125,0.0,42,919,4987,0,10,18,43,21,True,16.58,0.0,0.3274417616076154,0.8865797816132441,0.4192724645764154,0.4487820223648496,0.4285912451024304,0.9847364095338734,0.0,0.0022059778247242477
BPIC_2020_DomesticDeclarations,lstm,baseline_mask,0.125,0.0,42,919,4987,0,10,18,43,21,True,16.58,0.0,0.3274417616076154,0.8865797816132441,0.4192724645764154,0.4487820223648496,0.4285912451024304,0.9850886462369379,0.0,0.0
BPIC_2020_DomesticDeclarations,lstm,checker,0.125,0.0,42,919,4987,0,10,18,43,21,True,16.63,0.0,0.32695209390752905,0.8865797816132441,0.4192724645764154,0.4487820223648496,0.4285912451024304,0.9847364095338734,0.0,0.0015073788980901454
BPIC_2020_DomesticDeclarations,lstm,embedder,0.125,0.0,42,919,4987,0,10,18,43,6,True,87.68,0.0,0.5902283110780392,0.8827051778795351,0.4005810520727402,0.38793533292614,0.4171572082342516,0.955735587648233,0.0010567101091933778,0.13145692489391286
BPIC_2020_DomesticDeclarations,lstm,baseline,0.125,0.1,42,919,4987,499,10,18,43,16,True,13.41,0.0,0.41630662768270904,0.8842315369261478,0.4002358712860152,0.38793240043851596,0.41648259468411475,0.9835622871903252,0.0,0.07746471740892408
BPIC_2020_DomesticDeclarations,lstm,baseline_mask,0.125,0.1,42,919,4987,499,10,18,43,16,True,13.41,0.0,0.41630662768270904,0.8842315369261478,0.4002358712860152,0.38793240043851596,0.41648259468411475,0.9846189972995186,0.0,0.0
BPIC_2020_DomesticDeclarations,lstm,checker,0.125,0.1,42,919,4987,499,10,18,43,18,True,14.78,0.0,0.3888619700493745,0.8842315369261478,0.4002358712860152,0.38793240043851596,0.41648259468411475,0.9840319361277445,0.0,0.05225151840864639
BPIC_2020_DomesticDeclarations,lstm,embedder,0.125,0.1,42,919,4987,499,10,18,43,12,True,135.03,0.0,0.7458506990965507,0.7755078079135846,0.3697735665530713,0.3879941022246524,0.3742900508209931,0.9677116355524246,0.10884114124691793,0.22132364692256332
BPIC_2020_DomesticDeclarations,lstm,baseline,0.125,0.25,42,919,4987,1247,10,18,43,5,True,6.56,0.0007044734061289186,0.5879268863467917,0.8829400023482447,0.3993592748559242,0.38742869880239766,0.4153536081454816,0.9802747446283903,0.0007044734061289186,0.19983840763246954
BPIC_2020_DomesticDeclarations,lstm,baseline_mask,0.125,0.25,42,919,4987,1247,10,18,43,5,True,6.56,0.0007044734061289186,0.5879268863467917,0.8836444757543737,0.40058605268687464,0.38771485525448884,0.4174858043075285,0.9827404015498415,0.0,0.0
BPIC_2020_DomesticDeclarations,lstm,checker,0.125,0.25,42,919,4987,1247,10,18,43,15,True,12.86,0.0,0.5000943878915538,0.8841141246917928,0.40080192288864647,0.38790072999882913,0.41767169518958075,0.9847364095338734,0.0,0.13532748796527788
BPIC_2020_DomesticDeclarations,lstm,embedder,0.125,0.25,42,919,4987,1247,10,18,43,4,True,71.55,0.0,0.9200686806032352,0.70353410825408,0.32822928484701425,0.3880291824653245,0.3436903021041176,0.953739579664201,0.18034519196900317,0.31846554910295427
BPIC_2020_DomesticDeclarations,lstm,baseline,0.125,0.4,42,919,4987,1995,10,18,43,5,True,6.6,0.0003522367030644593,0.8036693117491751,0.8825877656451803,0.3992636572685804,0.3873825511680921,0.4152303846180027,0.981801103675003,0.0010567101091933778,0.3258339929422527
BPIC_2020_DomesticDeclarations,lstm,baseline_mask,0.125,0.4,42,919,4987,1995,10,18,43,5,True,6.6,0.0003522367030644593,0.8036693117491751,0.8836444757543737,0.40058605268687464,0.38771485525448884,0.4174858043075285,0.9827404015498415,0.0,0.0
BPIC_2020_DomesticDeclarations,lstm,checker,0.125,0.4,42,919,4987,1995,10,18,43,5,True,6.64,0.0,0.6745994610868739,0.8829400023482447,0.39939559026859933,0.3875239746679468,0.4153536081454816,0.9827404015498415,0.0007044734061289186,0.2367626850095114
BPIC_2020_DomesticDeclarations,lstm,embedder,0.125,0.4,42,919,4987,1995,10,18,43,5,True,77.07,0.0,1.151993879958947,0.5817776212281319,0.2931807203711167,0.39680257156333837,0.34389482381587305,0.9535047551954914,0.17705764940706822,0.39706581622778536
